Language,ISO 639-3,ISO 639-1,Segments -,(Source),Orthography -,(Source),Pronlex -,(Source),SBS Texts -,(Source),Swadesh Texts -,(Source),Wikitexts -,(Source)
Akan,aka,ak,Akan/Akan_segments.html,http://phoible.org/languages/aka,Akan/Akan_orthography_dict.txt,http://en.wikipedia.org/wiki/Akan_language,,,,,,,,https://ak.wikipedia.org/wiki/Akan
Albanian,als,sq,Albanian/Albanian_segments.html,http://phoible.org/languages/als,Albanian/Albanian_ref_orthography_fst.txt,http://en.wikipedia.org/wiki/Albanian_language,,,sbs-pages/20150418/albanian.txt,http://www.sbs.com.au/yourlanguage/albanian,Albanian/Albanian_swadesh_list.txt,http://en.wiktionary.org/wiki/Appendix:Albanian_Swadesh_list,http://ifp-08.ifp.uiuc.edu/public/wikipedia/sq/,http://sq.wikipedia.org
Amharic,amh,am,Amharic/Amharic_segments.html,http://phoible.org/languages/amh,Amharic/Amharic_ref_orthography_fst.txt,http://en.wikipedia.org/wiki/Amharic_language,,,sbs-pages/20150418/amharic.txt,http://www.sbs.com.au/yourlanguage/amharic/,Amharic/Amharic_swadesh_list.txt,http://en.wiktionary.org/wiki/Appendix:Swadesh_lists_for_Afro-Asiatic_languages,http://ifp-08.ifp.uiuc.edu/public/wikipedia/am/,http://am.wikipedia.org
Arabic,arb,ar,,,Arabic/Arabic_ref_orthography_dict.txt,http://en.wikipedia.org/wiki/Arabic_language,Arabic/QACdict.txt,http://ifp-08.ifp.uiuc.edu/public/QAC/,sbs-pages/20150418/arabic.txt,http://www.sbs.com.au/yourlanguage/arabic?language=ar,Arabic/Arabic_swadesh_list.txt,http://en.wiktionary.org/wiki/Appendix:Swadesh_lists_for_Afro-Asiatic_languages,http://ifp-08.ifp.uiuc.edu/public/wikipedia/ar/,http://ar.wikipedia.org
Armenian,hye,hy,Armenian/Armenian_segments.html,http://phoible.org/languages/hye,Armenian/Armenian_ref_orthography_fst.txt,http://en.wikipedia.org/wiki/Armenian_language,,,sbs-pages/20150418/armenian.txt,http://www.sbs.com.au/yourlanguage/armenian/,Armenian/Armenian_swadesh_list.txt,http://en.wiktionary.org/wiki/Appendix:Armenian_Swadesh_list,http://ifp-08.ifp.uiuc.edu/public/wikipedia/hy/,http://hy.wikipedia.org
Assyrian,aii,,,,Assyrian/Assyrian_ref_orthography_fst.txt,http://en.wikipedia.org/wiki/Assyrian_Neo-Aramaic,,,sbs-pages/20150418/assyrian.txt,http://www.sbs.com.au/yourlanguage/assyrian/,Assyrian/Assyrian_swadesh_list.txt,http://en.wiktionary.org/wiki/Appendix:Swadesh_lists_for_Afro-Asiatic_languages,,
Bengali,ben,bn,Bangla/Bangla_segments.html,http://phoible.org/languages/ben,Bangla/Bangla_ref_orthography_fst.txt,http://en.wikipedia.org/wiki/Bengali_language,,,sbs-pages/20150418/bangla.txt,http://www.sbs.com.au/yourlanguage/bangla/,Bangla/Bangla_swadesh_list.txt,http://en.wiktionary.org/wiki/Appendix:Indo-Iranian_Swadesh_lists_(extended),http://ifp-08.ifp.uiuc.edu/public/wikipedia/bn/,http://bn.wikipedia.org
Berber,shi;kab;tzm;rif;shy;tmh,,Berber/Berber_segments.html,http://phoible.org/languages/sjs,Berber/Berber_Latin_orthography_dict.txt;Berber/Berber_Tifinagh_orthography_dict.txt,https://en.wikipedia.org/wiki/Berber_Latin_alphabet;https://en.wikipedia.org/wiki/Tifinagh,,,sbs-pages/20150418/berber.txt,,,https://en.wiktionary.org/wiki/Appendix:Afro-Asiatic_Swadesh_lists,,
Bosnian,bos,bs,,,Bosnian/Bosnian_ref_orthography_fst.txt,http://en.wikipedia.org/wiki/Bosnian_language,,,sbs-pages/20150418/bosnian.txt,http://www.sbs.com.au/yourlanguage/bosnian/,Bosnian/Bosnian_swadesh_list.txt,http://en.wiktionary.org/wiki/Appendix:Serbo-Croatian_Swadesh_list,http://ifp-08.ifp.uiuc.edu/public/wikipedia/bs/,http://bs.wikipedia.org
Bulgarian,bul,bg,Bulgarian/Bulgarian_segments.html,http://phoible.org/languages/bul,Bulgarian/Bulgarian_ref_orthography_fst.txt,http://en.wikipedia.org/wiki/Bulgarian_language,,,sbs-pages/20150418/bulgarian.txt,http://www.sbs.com.au/yourlanguage/bulgarian/,Bulgarian/Bulgarian_swadesh_list.txt,http://en.wiktionary.org/wiki/Appendix:Bulgarian_Swadesh_list,http://ifp-08.ifp.uiuc.edu/public/wikipedia/bg/,http://bg.wikipedia.org
Myanmar,mya,my,Burmese/Burmese_segments.html,http://phoible.org/languages/mya,Burmese/Burmese_ref_orthography_fst.txt,http://en.wikipedia.org/wiki/Burmese_language,,,sbs-pages/20150418/burmese.txt,http://www.sbs.com.au/yourlanguage/burmese/,Burmese/Burmese_swadesh_list.txt,http://en.wiktionary.org/wiki/Appendix:Burmese_Swadesh_list,http://ifp-08.ifp.uiuc.edu/public/wikipedia/my/,http://my.wikipedia.org
Cantonese,yue,,Cantonese/Cantonese_segments.html,http://phoible.org/languages/yue,,http://en.wikipedia.org/wiki/Yue_Chinese,,,sbs-pages/20150418/cantonese.txt,http://www.sbs.com.au/yourlanguage/cantonese?language=zh-hant,Cantonese/Cantonese_swadesh_list.txt,http://en.wiktionary.org/wiki/Appendix:Cantonese_Swadesh_list,http://ifp-08.ifp.uiuc.edu/public/wikipedia/zh-yue/,http://zh-yue.wikipedia.org
Cook Islands Maori,rar,,Cookislands-Maori/Cookislands-Maori_segments.html,http://phoible.org/languages/rar,Cookislands-Maori/Cookislands-Maori_ref_orthography_fst.txt,http://en.wikipedia.org/wiki/Cook_Islands_Maori,,,sbs-pages/20150418/cookislands-maori.txt,http://www.sbs.com.au/yourlanguage/cookislands-maori/,Cookislands-Maori/Cookislands-Maori_swadesh_list.txt,,,
Croatian,hrv,hr,Croatian/Croatian_segments.html,http://phoible.org/languages/hrv,Croatian/Croatian_ref_orthography_fst.txt,http://en.wikipedia.org/wiki/Croatian_language,,,sbs-pages/20150418/croatian.txt,http://www.sbs.com.au/yourlanguage/croatian/,Croatian/Croatian_swadesh_list.txt,http://en.wiktionary.org/wiki/Appendix:Serbo-Croatian_Swadesh_list,http://ifp-08.ifp.uiuc.edu/public/wikipedia/hr/,http://hr.wikipedia.org
Czech,ces,cs,Czech/Czech_segments.html,http://phoible.org/languages/ces,Czech/Czech_ref_orthography_fst.txt,http://en.wikipedia.org/wiki/Czech_language,,,sbs-pages/20150418/czech.txt,http://www.sbs.com.au/yourlanguage/czech/,Czech/Czech_swadesh_list.txt,http://en.wiktionary.org/wiki/Appendix:Czech_Swadesh_list,http://ifp-08.ifp.uiuc.edu/public/wikipedia/cs/,http://cs.wikipedia.org
Danish,dan,da,Danish/Danish_segments.html,http://phoible.org/languages/dan,Danish/Danish_ref_orthography_fst.txt,http://en.wikipedia.org/wiki/Danish_language,,,sbs-pages/20150418/danish.txt,http://www.sbs.com.au/yourlanguage/danish/,Danish/Danish_swadesh_list.txt,http://en.wiktionary.org/wiki/Appendix:Danish_Swadesh_list,http://ifp-08.ifp.uiuc.edu/public/wikipedia/da/,http://da.wikipedia.org
Dari,prs,fa,Dari/Dari_segments.html,http://phoible.org/languages/prs,Dari/Dari_ref_orthography_fst.txt,http://en.wikipedia.org/wiki/Dari_language,,,sbs-pages/20150418/dari.txt,http://www.sbs.com.au/yourlanguage/dari/,Dari/Dari_swadesh_list.txt,http://en.wiktionary.org/wiki/Appendix:Indo-Iranian_Swadesh_lists_(extended),http://ifp-08.ifp.uiuc.edu/public/wikipedia/fa/,http://fa.wikipedia.org
Dinka,din,,Dinka/Dinka_segments.html,http://phoible.org/languages/din,Dinka/Dinka_ref_orthography_fst.txt,http://en.wikipedia.org/wiki/Dinka_language,,,sbs-pages/20150418/dinka.txt,http://www.sbs.com.au/yourlanguage/dinka/,,,,
Dutch,nld,nl,Dutch/Dutch_segments.html,http://phoible.org/languages/nld,Dutch/Dutch_ref_orthography_fst.txt,http://en.wikipedia.org/wiki/Dutch_language,,,sbs-pages/20150418/dutch.txt,http://www.sbs.com.au/yourlanguage/dutch/,Dutch/Dutch_swadesh_list.txt,http://en.wiktionary.org/wiki/Appendix:Dutch_Swadesh_list,http://ifp-08.ifp.uiuc.edu/public/wikipedia/nl/,http://nl.wikipedia.org
Egyptian Arabic,arz,,Egyptian-Arabic/Egyptian-Arabic_segments.html,http://phoible.org/languages/arz,Egyptian-Arabic/Egyptian-Arabic_ref_orthography_fst.txt,http://en.wikipedia.org/wiki/Egyptian_Arabic,,,,,Egyptian-Arabic/Egyptian-Arabic_swadesh_list.txt,http://en.wiktionary.org/wiki/Appendix:Egyptian_Arabic_Swadesh_list,,
English,eng,en,English/English_segments.html,http://phoible.org/languages/eng,islex/index.shtml,http://en.wikipedia.org/wiki/English_language,English/ISLEdict.txt,http://www.speech.cs.cmu.edu/cgi-bin/cmudict,,,English/English_swadesh_list.txt,http://en.wiktionary.org/wiki/Appendix:Swadesh_lists_for_Germanic_languages,,
Estonian,est,et,Estonian/Estonian_segments.html,http://phoible.org/languages/est,Estonian/Estonian_segments.html,http://en.wikipedia.org/wiki/Estonian_language,,,sbs-pages/20150418/estonian.txt,http://www.sbs.com.au/yourlanguage/estonian/,Estonian/Estonian_swadesh_list.txt,Estonian/Estonian_ref_orthography_fst.txt,http://ifp-08.ifp.uiuc.edu/public/wikipedia/et/,http://et.wikipedia.org
Fijian,fij,fj,Fijian/Fijian_segments.html,http://phoible.org/languages/fij,Fijian/Fijian_ref_orthography_fst.txt,http://en.wikipedia.org/wiki/Fijian_language,,,sbs-pages/20150418/fijian.txt,http://www.sbs.com.au/yourlanguage/fijian/,Fijian/Fijian_swadesh_list.txt,http://en.wiktionary.org/wiki/Appendix:Fijian_Swadesh_list,http://ifp-08.ifp.uiuc.edu/public/wikipedia/fj/,http://fj.wikipedia.org
Filipino,fil,tl,Filipino/Filipino_segments.html,http://phoible.org/languages/fil,Filipino/Filipino_ref_orthography_fst.txt,http://en.wikipedia.org/wiki/Filipino_language,,,sbs-pages/20150418/filipino.txt,http://www.sbs.com.au/yourlanguage/filipino?language=fil,Filipino/Filipino_swadesh_list.txt,http://en.wiktionary.org/wiki/Appendix:Tagalog_Swadesh_list,http://ifp-08.ifp.uiuc.edu/public/wikipedia/tl/,http://tl.wikipedia.org
Finnish,fin,fi,Finnish/Finnish_segments.html,http://phoible.org/languages/fin,Finnish/Finnish_ref_orthography_fst.txt,http://en.wikipedia.org/wiki/Finnish_language,,,sbs-pages/20150418/finnish.txt,http://www.sbs.com.au/yourlanguage/finnish/,Finnish/Finnish_swadesh_list.txt,http://en.wiktionary.org/wiki/Appendix:Swadesh_lists_for_Uralic_languages,http://ifp-08.ifp.uiuc.edu/public/wikipedia/fi/,http://fi.wikipedia.org
French,fra,fr,French/French_segments.html,http://phoible.org/languages/fra,French/French_ref_orthography_fst.txt,http://en.wikipedia.org/wiki/French_language,,,sbs-pages/20150418/french.txt,http://www.sbs.com.au/yourlanguage/french/,French/French_swadesh_list.txt,http://en.wiktionary.org/wiki/Appendix:French_Swadesh_list,http://ifp-08.ifp.uiuc.edu/public/wikipedia/fr/,http://fr.wikipedia.org
Fula,fuh,,Fulfulde/Fulfulde_segments.html,http://phoible.org/languages/fuh,,http://phoible.org/languages/fuh,,,,,,,,
German,deu,de,German/German_segments.html,http://phoible.org/languages/deu,German/German_ref_orthography_dict.txt,http://en.wikipedia.org/wiki/German_language,,,sbs-pages/20150418/german.txt,http://www.sbs.com.au/yourlanguage/german/,German/German_swadesh_list.txt,http://en.wiktionary.org/wiki/Appendix:German_Swadesh_list,http://ifp-08.ifp.uiuc.edu/public/wikipedia/de/,http://de.wikipedia.org
Greek,ell,el,Greek/Greek_segments.html,http://phoible.org/languages/ell,Greek/Greek_ref_orthography_dict.txt,http://en.wikipedia.org/wiki/Greek_language,,,sbs-pages/20150418/greek.txt,http://www.sbs.com.au/yourlanguage/greek?language=el,Greek/Greek_swadesh_list.txt,http://en.wiktionary.org/wiki/Appendix:Greek_Swadesh_list,http://ifp-08.ifp.uiuc.edu/public/wikipedia/el/,http://el.wikipedia.org
Guarani,gnw,,Guarani/Guarani_segments.html,http://phoible.org/languages/gnw,,http://en.wikipedia.org/wiki/Guarani_language,,,,,,,,
Gujarati,guj,gu,Gujarati/Gujarati_segments.html,http://phoible.org/languages/guj,Gujarati/Gujarati_ref_orthography_dict.txt,http://en.wikipedia.org/wiki/Gujarati_language,,,sbs-pages/20150418/gujarati.txt,http://www.sbs.com.au/yourlanguage/gujarati?language=gu,Gujarati/Gujarati_swadesh_list.txt,http://en.wiktionary.org/wiki/Appendix:Indo-Iranian_Swadesh_lists_(extended),http://ifp-08.ifp.uiuc.edu/public/wikipedia/gu/,http://gu.wikipedia.org
Hausa,hau,,Hausa/Hausa_segments.html,http://phoible.org/languages/hau,,http://en.wikipedia.org/wiki/Hausa_language,,,,,,https://en.wiktionary.org/wiki/Appendix:Afro-Asiatic_Swadesh_lists,,
Hebrew,heb,he,Hebrew/Hebrew_segments.html,http://phoible.org/languages/heb,Hebrew/Hebrew_ref_orthography_dict.txt,http://en.wikipedia.org/wiki/Hebrew_language,,,sbs-pages/20150418/hebrew.txt,http://www.sbs.com.au/yourlanguage/hebrew/,Hebrew/Hebrew_swadesh_list.txt,http://en.wiktionary.org/wiki/Appendix:Swadesh_lists_for_Afro-Asiatic_languages,http://ifp-08.ifp.uiuc.edu/public/wikipedia/he/,http://he.wikipedia.org
Hindi,hin,hi,Hindi/Hindi_segments.html,http://phoible.org/languages/hin,Hindi/Hindi_ref_orthography_dict.txt,http://en.wikipedia.org/wiki/Hindi_language,,,sbs-pages/20150418/hindi.txt,http://www.sbs.com.au/yourlanguage/hindi?language=hi,Hindi/Hindi_swadesh_list.txt,http://en.wiktionary.org/wiki/Appendix:Hindi_Swadesh_list,http://ifp-08.ifp.uiuc.edu/public/wikipedia/hi/,http://hi.wikipedia.org
Hmong,mww,,Hmong/Hmong_segments.html,http://phoible.org/languages/mww,Hmong/Hmong_ref_orthography_dict.txt,http://en.wikipedia.org/wiki/Hmong_Daw,,,sbs-pages/20150418/hmong.txt,http://www.sbs.com.au/yourlanguage/hmong/,Hmong/Hmong_swadesh_list.txt,http://en.wiktionary.org/wiki/Appendix:White_Hmong_Swadesh_list,,
Hungarian,hun,hu,Hungarian/Hungarian_segments.html,http://phoible.org/languages/hun,Hungarian/Hungarian_ref_orthography_dict.txt,http://en.wikipedia.org/wiki/Hungarian_language,,,sbs-pages/20150418/hungarian.txt,http://www.sbs.com.au/yourlanguage/hungarian/,Hungarian/Hungarian_swadesh_list.txt,http://en.wiktionary.org/wiki/Appendix:Hungarian_Swadesh_list,http://ifp-08.ifp.uiuc.edu/public/wikipedia/hu/,http://hu.wikipedia.org
Indonesian,ind,id,Indonesian/Indonesian_segments.html,http://phoible.org/languages/ind,Indonesian/Indonesian_ref_orthography_dict.txt,http://en.wikipedia.org/wiki/Indonesian_language,,,sbs-pages/20150418/indonesian.txt,http://www.sbs.com.au/yourlanguage/indonesian?language=id,Indonesian/Indonesian_swadesh_list.txt,http://en.wiktionary.org/wiki/Appendix:Indonesian_Swadesh_list,http://ifp-08.ifp.uiuc.edu/public/wikipedia/id/,http://id.wikipedia.org
Italian,ita,it,Italian/Italian_segments.html,http://phoible.org/languages/ita,Italian/Italian_ref_orthography_dict.txt,http://en.wikipedia.org/wiki/Italian_language,,,sbs-pages/20150418/italian.txt,http://www.sbs.com.au/yourlanguage/italian?language=it,Italian/Italian_swadesh_list.txt,http://en.wiktionary.org/wiki/Appendix:Italian_Swadesh_list,http://ifp-08.ifp.uiuc.edu/public/wikipedia/it/,http://it.wikipedia.org
Japanese,jpn,ja,Japanese/Japanese_segments.html,http://phoible.org/languages/jpn,Japanese/Japanese_ref_orthography_dict.txt,http://en.wikipedia.org/wiki/Japanese_language,,,sbs-pages/20150418/japanese.txt,http://www.sbs.com.au/yourlanguage/japanese/,Japanese/Japanese_swadesh_list.txt,http://en.wiktionary.org/wiki/Appendix:Japanese_Swadesh_list,http://ifp-08.ifp.uiuc.edu/public/wikipedia/ja/,http://ja.wikipedia.org
Levantine Arabic,ajp,,Jordanian-Arabic/Jordanian-Arabic_segments.html,http://phoible.org/languages/ajp,Jordanian-Arabic/Jordanian-Arabic_ref_orthography_fst.txt,http://en.wikipedia.org/wiki/Levantine_Arabic,,,,,Jordanian-Arabic/Jordanian-Arabic_swadesh_list.txt,http://en.wiktionary.org/wiki/Appendix:Palestinian_Arabic_Swadesh_list,,
Kannada,kan,kn,Kannada/Kannada_segments.html,http://phoible.org/languages/kan,Kannada/Kannada_ref_orthography_dict.txt,http://en.wikipedia.org/wiki/Kannada_language,,,sbs-pages/20150418/kannada.txt,http://www.sbs.com.au/yourlanguage/kannada/,Kannada/Kannada_swadesh_list.txt,http://en.wiktionary.org/wiki/Appendix:Swadesh_lists_for_Dravidian_languages,http://ifp-08.ifp.uiuc.edu/public/wikipedia/kn/,http://kn.wikipedia.org
Khmer,khm,km,Khmer/Khmer_segments.html,http://phoible.org/languages/khm,Khmer/Khmer_ref_orthography_fst.txt,http://en.wikipedia.org/wiki/Khmer_language,,,sbs-pages/20150418/khmer.txt,http://www.sbs.com.au/yourlanguage/khmer/,Khmer/Khmer_swadesh_list.txt,http://en.wiktionary.org/wiki/Appendix:Khmer_Swadesh_list,http://ifp-08.ifp.uiuc.edu/public/wikipedia/km/,http://km.wikipedia.org
Korean,kor,ko,Korean/Korean_segments.html,http://phoible.org/languages/kor,Korean/Korean_ref_orthography_dict.txt,http://en.wikipedia.org/wiki/Korean_language,,,sbs-pages/20150418/korean.txt,http://www.sbs.com.au/yourlanguage/korean?language=ko,Korean/Korean_swadesh_list.txt,http://en.wiktionary.org/wiki/Appendix:Korean_Swadesh_list,http://ifp-08.ifp.uiuc.edu/public/wikipedia/ko/,http://ko.wikipedia.org
Kurdish,kmr,ku,Kurdish/Kurdish_segments.html,http://phoible.org/languages/kmr,Kurdish/Kurdish_ref_orthography_dict.txt,http://en.wikipedia.org/wiki/Kurdish_language,,,sbs-pages/20150418/kurdish.txt,http://www.sbs.com.au/yourlanguage/kurdish/,Kurdish/Kurdish_swadesh_list.txt,http://en.wiktionary.org/wiki/Appendix:Kurdish_Swadesh_list,http://ifp-08.ifp.uiuc.edu/public/wikipedia/ku/,http://ku.wikipedia.org
Kyrgyz,kir,,Kyrgyz/Kyrgyz_segments.html,http://phoible.org/languages/kir,Kyrgyz/Kyrgyz_Arabic_orthography_dict.txt;Kyrgyz/Kyrgyz_Cyrillic_orthography_dict.txt;Kyrgyz/Kyrgyz_Turkish_orthography_dict.txt,https://en.wikipedia.org/wiki/Kyrgyz_alphabets,,,,,,,,
Lao,lao,lo,Lao/Lao_segments.html,http://phoible.org/languages/lao,Lao/Lao_ref_orthography_dict.txt,http://en.wikipedia.org/wiki/Lao_language,,,sbs-pages/20150418/lao.txt,http://www.sbs.com.au/yourlanguage/lao/,Lao/Lao_swadesh_list.txt,http://en.wiktionary.org/wiki/Appendix:Swadesh_lists_for_Tai-Kadai_languages,http://ifp-08.ifp.uiuc.edu/public/wikipedia/lo/,http://lo.wikipedia.org
Latvian,lav,lv,Latvian/Latvian_segments.html,http://phoible.org/languages/lav,Latvian/Latvian_ref_orthography_dict.txt,http://en.wikipedia.org/wiki/Latvian_language,,,sbs-pages/20150418/latvian.txt,http://www.sbs.com.au/yourlanguage/latvian/,Latvian/Latvian_swadesh_list.txt,http://en.wiktionary.org/wiki/Appendix:Latvian_Swadesh_list,http://ifp-08.ifp.uiuc.edu/public/wikipedia/lv/,http://lv.wikipedia.org
Lithuanian,lit,lt,Lithuanian/Lithuanian_segments.html,http://phoible.org/languages/lit,Lithuanian/Lithuanian_ref_orthography_dict.txt,http://en.wikipedia.org/wiki/Lithuanian_language,,,sbs-pages/20150418/lithuanian.txt,http://www.sbs.com.au/yourlanguage/lithuanian/,Lithuanian/Lithuanian_swadesh_list.txt,http://en.wiktionary.org/wiki/Appendix:Lithuanian_Swadesh_list,http://ifp-08.ifp.uiuc.edu/public/wikipedia/lt/,http://lt.wikipedia.org
Macedonian,mkd,mk,Macedonian/Macedonian_segments.html,http://phoible.org/languages/mkd,Macedonian/Macedonian_ref_orthography_dict.txt,http://en.wikipedia.org/wiki/Macedonian_language,,,sbs-pages/20150418/macedonian.txt,http://www.sbs.com.au/yourlanguage/macedonian/,Macedonian/Macedonian_swadesh_list.txt,http://en.wiktionary.org/wiki/Appendix:Macedonian_Swadesh_list,http://ifp-08.ifp.uiuc.edu/public/wikipedia/mk/,http://mk.wikipedia.org
Malay,zsm,ms,Malay/Malay_segments.html,http://phoible.org/languages/zsm,Malay/Malay_ref_orthography_dict.txt,http://en.wikipedia.org/wiki/Malay_language,,,sbs-pages/20150418/malay.txt,http://www.sbs.com.au/yourlanguage/malay/,Malay/Malay_swadesh_list.txt,http://en.wiktionary.org/wiki/Appendix:Malay_Swadesh_list,http://ifp-08.ifp.uiuc.edu/public/wikipedia/ms/,http://ms.wikipedia.org
Malayalam,mal,ml,Malayalam/Malayalam_segments.html,http://phoible.org/languages/mal,Malayalam/Malayalam_ref_orthography_dict.txt,http://en.wikipedia.org/wiki/Malayalam_language,,,sbs-pages/20150418/malayalam.txt,http://www.sbs.com.au/yourlanguage/malayalam?language=ml,Malayalam/Malayalam_swadesh_list.txt,http://en.wiktionary.org/wiki/Appendix:Swadesh_lists_for_Dravidian_languages,http://ifp-08.ifp.uiuc.edu/public/wikipedia/ml/,http://ml.wikipedia.org
Maltese,mlt,mt,Maltese/Maltese_segments.html,http://phoible.org/languages/mlt,Maltese/Maltese_ref_orthography_dict.txt,http://en.wikipedia.org/wiki/Maltese_language,,,sbs-pages/20150418/maltese.txt,http://www.sbs.com.au/yourlanguage/maltese/,Maltese/Maltese_swadesh_list.txt,http://en.wiktionary.org/wiki/Appendix:Maltese_Swadesh_list,http://ifp-08.ifp.uiuc.edu/public/wikipedia/mt/,http://mt.wikipedia.org
Mandarin,cmn,zh,Mandarin/Mandarin_segments.html,http://phoible.org/languages/cmn,,https://en.wikipedia.org/wiki/Pinyin,,,sbs-pages/20150418/mandarin.txt,http://www.sbs.com.au/yourlanguage/mandarin?language=zh-hans,Mandarin/Mandarin_swadesh_list.txt,http://en.wiktionary.org/wiki/Appendix:Mandarin_Swadesh_list,http://ifp-08.ifp.uiuc.edu/public/wikipedia/zh/,http://zh.wikipedia.org
Moroccan Arabic,ary,,Moroccan-Arabic/Moroccan-Arabic_segments.html,http://phoible.org/languages/ary,Moroccan-Arabic/Moroccan-Arabic_ref_orthography_fst.txt,http://en.wikipedia.org/wiki/Moroccan_Arabic,,,,http://www.sbs.com.au/yourlanguage/maori/,Moroccan-Arabic/Moroccan-Arabic_swadesh_list.txt,http://en.wiktionary.org/wiki/Appendix:Tunisian_Arabic_Swadesh_list,,
Nepali,nep,ne,Nepali/Nepali_segments.html,http://phoible.org/languages/nep,Nepali/Nepali_ref_orthography_dict.txt,http://en.wikipedia.org/wiki/Nepali_language,,,sbs-pages/20150418/nepali.txt,http://www.sbs.com.au/yourlanguage/nepali?language=ne,Nepali/Nepali_swadesh_list.txt,http://en.wiktionary.org/wiki/Appendix:Indo-Iranian_Swadesh_lists_(extended),http://ifp-08.ifp.uiuc.edu/public/wikipedia/ne/,http://ne.wikipedia.org
Norwegian,nob,,Norwegian/Norwegian_segments.html,http://phoible.org/languages/nob,Norwegian/Norwegian_ref_orthography_dict.txt,http://en.wikipedia.org/wiki/Norwegian_language,,,sbs-pages/20150418/norwegian.txt,http://www.sbs.com.au/yourlanguage/norwegian/,Norwegian/Norwegian_swadesh_list.txt,http://en.wiktionary.org/wiki/Appendix:Swadesh_lists_for_Germanic_languages,,
Pashto,pst,ps,Pashto/Pashto_segments.html,http://phoible.org/languages/pst,Pashto/Pashto_ref_orthography_dict.txt,http://en.wikipedia.org/wiki/Pashto_language,,,sbs-pages/20150418/pashto.txt,http://www.sbs.com.au/yourlanguage/pashto/,Pashto/Pashto_swadesh_list.txt,http://en.wiktionary.org/wiki/Appendix:Indo-Iranian_Swadesh_lists,http://ifp-08.ifp.uiuc.edu/public/wikipedia/ps/,http://ps.wikipedia.org
Persian,pes,fa,Persian-Farsi/Persian-Farsi_segments.html,http://phoible.org/languages/pes,Persian-Farsi/Persian-Farsi_ref_orthography_fst.txt,http://en.wikipedia.org/wiki/Persian_language,,,sbs-pages/20150418/persian-farsi.txt,http://www.sbs.com.au/yourlanguage/persian-farsi/,Persian-Farsi/Persian-Farsi_swadesh_list.txt,http://en.wiktionary.org/wiki/Appendix:Indo-Iranian_Swadesh_lists_(extended),http://ifp-08.ifp.uiuc.edu/public/wikipedia/fa/,http://fa.wikipedia.org
Polish,pol,pl,Polish/Polish_segments.html,http://phoible.org/languages/pol,Polish/Polish_ref_orthography_dict.txt,http://en.wikipedia.org/wiki/Polish_language,,,sbs-pages/20150418/polish.txt,http://www.sbs.com.au/yourlanguage/polish/,Polish/Polish_swadesh_list.txt,http://en.wiktionary.org/wiki/Appendix:Polish_Swadesh_list,http://ifp-08.ifp.uiuc.edu/public/wikipedia/pl/,http://pl.wikipedia.org
Portuguese,por,pt,Portuguese/Portuguese_segments.html,http://phoible.org/languages/por,Portuguese/Portuguese_ref_orthography_dict.txt,http://en.wikipedia.org/wiki/Portuguese_language,,,sbs-pages/20150418/portuguese.txt,http://www.sbs.com.au/yourlanguage/portuguese/,Portuguese/Portuguese_swadesh_list.txt,http://en.wiktionary.org/wiki/Appendix:Portuguese_Swadesh_list,http://ifp-08.ifp.uiuc.edu/public/wikipedia/pt/,http://pt.wikipedia.org
Punjabi,pan,pa,Punjabi/Punjabi_segments.html,http://phoible.org/languages/pan,Punjabi/Punjabi_ref_orthography_dict.txt,http://en.wikipedia.org/wiki/Punjabi_language,,,sbs-pages/20150418/punjabi.txt,http://www.sbs.com.au/yourlanguage/punjabi/,Punjabi/Punjabi_swadesh_list.txt,http://en.wiktionary.org/wiki/Appendix:Indo-Iranian_Swadesh_lists_(extended),http://ifp-08.ifp.uiuc.edu/public/wikipedia/pa/,http://pa.wikipedia.org
Romanian,ron,ro,Romanian/Romanian_segments.html,http://phoible.org/languages/ron,Romanian/Romanian_ref_orthography_dict.txt,http://en.wikipedia.org/wiki/Romanian_language,,,sbs-pages/20150418/romanian.txt,http://www.sbs.com.au/yourlanguage/romanian/,Romanian/Romanian_swadesh_list.txt,http://en.wiktionary.org/wiki/Appendix:Romanian_Swadesh_list,http://ifp-08.ifp.uiuc.edu/public/wikipedia/ro/,http://ro.wikipedia.org
Russian,rus,ru,Russian/Russian_segments.html,http://phoible.org/languages/rus,Russian/Russian_ref_orthography_dict.txt,http://en.wikipedia.org/wiki/Russian_language,,,sbs-pages/20150418/russian.txt,http://www.sbs.com.au/yourlanguage/russian/,Russian/Russian_swadesh_list.txt,http://en.wiktionary.org/wiki/Appendix:Russian_Swadesh_list,http://ifp-08.ifp.uiuc.edu/public/wikipedia/ru/,http://ru.wikipedia.org
Samoan,smo,sm,Samoan/Samoan_segments.html,http://phoible.org/languages/smo,Samoan/Samoan_ref_orthography_dict.txt,http://en.wikipedia.org/wiki/Samoan_language,,,sbs-pages/20150418/samoan.txt,http://www.sbs.com.au/yourlanguage/samoan?language=sm,,,http://ifp-08.ifp.uiuc.edu/public/wikipedia/sm/,http://sm.wikipedia.org
Serbian,srp,sr,Serbian/Serbian_segments.html,http://phoible.org/languages/srp,Serbian/Serbian_ref_orthography_dict.txt,http://en.wikipedia.org/wiki/Serbian_language,,,sbs-pages/20150418/serbian.txt,http://www.sbs.com.au/yourlanguage/serbian/,Serbian/Serbian_swadesh_list.txt,http://en.wiktionary.org/wiki/Appendix:Serbo-Croatian_Swadesh_list,http://ifp-08.ifp.uiuc.edu/public/wikipedia/sr/,http://sr.wikipedia.org
Shona,sna,,Shona/Shona_segments.html,http://phoible.org/languages/sna,,http://en.wikipedia.org/wiki/Shona_language,,,,,,,,
Sinhala,sin,si,Sinhalese/Sinhalese_segments.html,http://phoible.org/languages/sin,Sinhalese/Sinhalese_ref_orthography_dict.txt,http://en.wikipedia.org/wiki/Sinhala_language,,,sbs-pages/20150418/sinhalese.txt,http://www.sbs.com.au/yourlanguage/sinhalese?language=si,Sinhalese/Sinhalese_swadesh_list.txt,http://en.wiktionary.org/wiki/Appendix:Sinhalese_Swadesh_list,http://ifp-08.ifp.uiuc.edu/public/wikipedia/si/,http://si.wikipedia.org
Slovak,slk,sk,Slovak/Slovak_segments.html,http://phoible.org/languages/slk,Slovak/Slovak_ref_orthography_dict.txt,http://en.wikipedia.org/wiki/Slovak_language,,,sbs-pages/20150418/slovak.txt,http://www.sbs.com.au/yourlanguage/slovak/,Slovak/Slovak_swadesh_list.txt,http://en.wiktionary.org/wiki/Appendix:Slovak_Swadesh_list,http://ifp-08.ifp.uiuc.edu/public/wikipedia/sk/,http://sk.wikipedia.org
Slovene,slv,sl,Slovenian/Slovenian_segments.html,http://phoible.org/languages/slv,Slovenian/Slovenian_ref_orthography_dict.txt,http://en.wikipedia.org/wiki/Slovene_language,,,sbs-pages/20150418/slovenian.txt,http://www.sbs.com.au/yourlanguage/slovenian/,Slovenian/Slovenian_swadesh_list.txt,http://en.wiktionary.org/wiki/Appendix:Slovene_Swadesh_list,http://ifp-08.ifp.uiuc.edu/public/wikipedia/sl/,http://sl.wikipedia.org
Somali,som,so,Somali/Somali_segments.html,http://phoible.org/languages/som,Somali/Somali_ref_orthography_dict.txt,http://en.wikipedia.org/wiki/Somali_language,,,sbs-pages/20150418/somali.txt,http://www.sbs.com.au/yourlanguage/somali/,Somali/Somali_swadesh_list.txt,http://en.wiktionary.org/wiki/Appendix:Swadesh_lists_for_Afro-Asiatic_languages,http://ifp-08.ifp.uiuc.edu/public/wikipedia/so/,http://so.wikipedia.org
Spanish,spa,es,Spanish/Spanish_segments.html,http://phoible.org/languages/spa,Spanish/Spanish_ref_orthography_dict.txt,http://en.wikipedia.org/wiki/Spanish_language,,,sbs-pages/20150418/spanish.txt,http://www.sbs.com.au/yourlanguage/spanish/,Spanish/Spanish_swadesh_list.txt,http://en.wiktionary.org/wiki/Appendix:Spanish_Swadesh_list,http://ifp-08.ifp.uiuc.edu/public/wikipedia/es/,http://es.wikipedia.org
Swahili,swh,sw,Swahili/Swahili_segments.html,http://phoible.org/languages/swh,Swahili/Swahili_ref_orthography_dict.txt,http://en.wikipedia.org/wiki/Swahili_language,,,sbs-pages/20150418/swahili.txt,http://www.sbs.com.au/yourlanguage/swahili/,Swahili/Swahili_swadesh_list.txt,http://en.wiktionary.org/wiki/Appendix:Swahili_Swadesh_list,http://ifp-08.ifp.uiuc.edu/public/wikipedia/sw/,http://sw.wikipedia.org
Swedish,swe,sv,Swedish/Swedish_segments.html,http://phoible.org/languages/swe,Swedish/Swedish_ref_orthography_dict.txt,http://en.wikipedia.org/wiki/Swedish_language,,,sbs-pages/20150418/swedish.txt,http://www.sbs.com.au/yourlanguage/swedish/,Swedish/Swedish_swadesh_list.txt,http://en.wiktionary.org/wiki/Appendix:Swedish_Swadesh_list,http://ifp-08.ifp.uiuc.edu/public/wikipedia/sv/,http://sv.wikipedia.org
Tagalog,tgl,tl,Tagalog/Tagalog_segments.html,http://phoible.org/languages/tgl,Filipino/Filipino_ref_orthography_fst.txt,http://en.wikipedia.org/wiki/Tagalog_language,,,sbs-pages/20150418/filipino.txt,http://www.sbs.com.au/yourlanguage/filipino?language=fil,Filipino/Filipino_swadesh_list.txt,http://en.wiktionary.org/wiki/Appendix:Tagalog_Swadesh_list,http://ifp-08.ifp.uiuc.edu/public/wikipedia/tl/,http://tl.wikipedia.org
Tamil,tam,ta,Tamil/Tamil_segments.html,http://phoible.org/languages/tam,Tamil/Tamil_ref_orthography_dict.txt,http://en.wikipedia.org/wiki/Tamil_language,,,sbs-pages/20150418/tamil.txt,http://www.sbs.com.au/yourlanguage/tamil?language=ta,Tamil/Tamil_swadesh_list.txt,http://en.wiktionary.org/wiki/Appendix:Swadesh_lists_for_Dravidian_languages,http://ifp-08.ifp.uiuc.edu/public/wikipedia/ta/,http://ta.wikipedia.org
Thai,tha,th,Thai/Thai_segments.html,http://phoible.org/languages/tha,,http://en.wikipedia.org/wiki/Thai_language,,,sbs-pages/20150418/thai.txt,http://www.sbs.com.au/yourlanguage/thai/,Thai/Thai_swadesh_list.txt,http://en.wiktionary.org/wiki/Appendix:Thai_Swadesh_list,http://ifp-08.ifp.uiuc.edu/public/wikipedia/th/,http://th.wikipedia.org
Tigrinya,tir,ti,Tigrinya/Tigrinya_segments.html,http://phoible.org/languages/tir,Tigrinya/Tigrinya_ref_orthography_fst.txt,http://en.wikipedia.org/wiki/Tigrinya_language,,,sbs-pages/20150418/tigrinya.txt,http://www.sbs.com.au/yourlanguage/tigrinya/,Tigrinya/Tigrinya_swadesh_list.txt,http://en.wiktionary.org/wiki/Appendix:Swadesh_lists_for_Afro-Asiatic_languages,http://ifp-08.ifp.uiuc.edu/public/wikipedia/ti/,http://ti.wikipedia.org
Tongan,ton,to,Tongan/Tongan_segments.html,http://phoible.org/languages/ton,Tongan/Tongan_ref_orthography_dict.txt,http://en.wikipedia.org/wiki/Tongan_language,,,sbs-pages/20150418/tongan.txt,http://www.sbs.com.au/yourlanguage/tongan/,,,http://ifp-08.ifp.uiuc.edu/public/wikipedia/to/,http://to.wikipedia.org
Turkish,tur,tr,Turkish/Turkish_segments.html,http://phoible.org/languages/tur,Turkish/Turkish_ref_orthography_dict.txt,http://en.wikipedia.org/wiki/Turkish_language,,,sbs-pages/20150418/turkish.txt,http://www.sbs.com.au/yourlanguage/turkish/,Turkish/Turkish_swadesh_list.txt,http://en.wiktionary.org/wiki/Appendix:Turkish_Swadesh_list,http://ifp-08.ifp.uiuc.edu/public/wikipedia/tr/,http://tr.wikipedia.org
Turkmen,tuk,tk,Turkmen/Turkmen_segments.html,http://phoible.org/languages/tuk,Turkmen/Turkmen_Turkish_orthography_dict.txt;Turkmen/Turkmen_Cyrillic_orthography_dict.txt,https://en.wikipedia.org/wiki/Turkmen_alphabet,,,,,,,,http://tk.wikipedia.org
Ukrainian,ukr,uk,Ukrainian/Ukrainian_segments.html,http://phoible.org/languages/ukr,Ukrainian/Ukrainian_ref_orthography_dict.txt,http://en.wikipedia.org/wiki/Ukrainian_language,,,sbs-pages/20150418/ukrainian.txt,http://www.sbs.com.au/yourlanguage/ukrainian/,Ukrainian/Ukrainian_swadesh_list.txt,http://en.wiktionary.org/wiki/Appendix:Ukrainian_Swadesh_list,http://ifp-08.ifp.uiuc.edu/public/wikipedia/uk/,http://uk.wikipedia.org
Urdu,urd,ur,Urdu/Urdu_segments.html,http://phoible.org/languages/urd,Urdu/Urdu_ref_orthography_dict.txt,http://en.wikipedia.org/wiki/Urdu_language,,,sbs-pages/20150418/urdu.txt,http://www.sbs.com.au/yourlanguage/urdu?language=ur,Urdu/Urdu_swadesh_list.txt,http://en.wiktionary.org/wiki/Appendix:Indo-Iranian_Swadesh_lists_(extended),http://ifp-08.ifp.uiuc.edu/public/wikipedia/ur/,http://ur.wikipedia.org
Uyghur,uig,ug,Uyghur/Uyghur_segments.html,http://phoible.org/languages/uig,Uyghur/Uyghur_Arabic_orthography_dict.txt;Uyghur/Uyghur_Latin_orthography_dict.txt;Uyghur/Uyghur_Cyrillic_orthography_dict.txt,http://en.wikipedia.org/wiki/Uyghur_language,,,,,,,,http://ug.wikipedia.org
Uzbek,uzb,uz,Uzbek/Uzbek_segments.html,http://phoible.org/languages/uzb,Uzbek/Uzbek_Latin_orthography_dict.txt;Uzbek/Uzbek_Cyrillic_orthography_dict.txt,http://en.wikipedia.org/wiki/Uzbek_language,,,,,,,,http://uz.wikipedia.org
Vietnamese,vie,vi,Vietnamese/Vietnamese_segments.html,http://phoible.org/languages/vie,Vietnamese/Vietnamese_ref_orthography_dict.txt,http://en.wikipedia.org/wiki/Vietnamese_language,,,sbs-pages/20150418/vietnamese.txt,http://www.sbs.com.au/yourlanguage/vietnamese?language=vi,Vietnamese/Vietnamese_swadesh_list.txt,http://en.wiktionary.org/wiki/Appendix:Vietnamese_Swadesh_list,http://ifp-08.ifp.uiuc.edu/public/wikipedia/vi/,http://vi.wikipedia.org
Wolof,wol,wo,Wolof/Wolof_segments.html,http://phoible.org/languages/wol,Wolof/Wolof_orthography_dict.txt,http://en.wikipedia.org/wiki/Wolof_language,,,,,,,,http://wo.wikipedia.org
Yoruba,yor,yo,Yoruba/Yoruba_segments.html,http://phoible.org/languages/yor,Yoruba/Yoruba_orthography_dict.txt,http://en.wikipedia.org/wiki/Yoruba_language,,,,,,,,http://yo.wikipedia.org
Zulu,zul,zu,Zulu/Zulu_segments.html,http://phoible.org/languages/zul,,http://en.wikipedia.org/wiki/Zulu_language,,,,,,,,http://zu.wikipedia.org
