Language Name,ISO 639-3,ISO 639-1,Segments -,(Source),Orthography -,(Source),Pronlex -,(Source),Podcast Transcripts -,(Source),Swadesh Texts  -,(Source),Wikitexts -,(Source)
Ainu,ain,,Ainu/Ainu_segments.html,http://phoible.org/inventories/view/196,Ainu/Ainu_Katakana_wikipedia_symboltable.html;Ainu/Ainu_Latin_wikipedia_symboltable.html,https://en.wikipedia.org/wiki/Ainu_language,,,,,swadesh/ain-eng.wiktionaryswadesh.masterlex.html,https://en.wiktionary.org/wiki/Appendix:Paleosiberian_Swadesh_lists,,
Akan,aka,ak,Akan/Akan_segments.html,http://phoible.org/languages/aka,Akan/Akan_wikipedia_symboltable.html,http://en.wikipedia.org/wiki/Akan_language,Akan/CABCCAD_dict.html,https://www.academia.edu/19685614/A_phone_set_for_an_Akan_Text_to_Speech_System,,,,http://archive.phonetics.ucla.edu/Language/AKA/aka_word-list_1971_01.html,,http://ak.wikipedia.org
Albanian,sqi,sq,Albanian/Albanian_segments.html,http://phoible.org/languages/als,Albanian/Albanian_wikipedia_symboltable.html,http://en.wikipedia.org/wiki/Albanian_language,,,sbs-pages/20150418/albanian.html,http://www.sbs.com.au/yourlanguage/albanian,Albanian/Albanian_swadesh_list.html;swadesh/sqi-eng.wiktionaryswadesh.masterlex.html,http://en.wiktionary.org/wiki/Appendix:Albanian_Swadesh_list,http://ifp-08.ifp.uiuc.edu/public/wikipedia/sq/,http://sq.wikipedia.org
Amharic,amh,am,Amharic/Amharic_segments.html,http://phoible.org/languages/amh,Amharic/Amharic_wikipedia_symboltable.html,http://en.wikipedia.org/wiki/Amharic_language,,,sbs-pages/20150418/amharic.html,http://www.sbs.com.au/yourlanguage/amharic/,Amharic/Amharic_swadesh_list.html;swadesh/amh-eng.wiktionaryswadesh.masterlex.html,http://en.wiktionary.org/wiki/Appendix:Swadesh_lists_for_Afro-Asiatic_languages,http://ifp-08.ifp.uiuc.edu/public/wikipedia/am/,http://am.wikipedia.org
Arabic,arb,ar,Arabic/Arabic_segments.html,,Arabic/Arabic_wikipedia_symboltable.html,http://en.wikipedia.org/wiki/Arabic_language,Arabic/QACdict.html,http://ifp-08.ifp.uiuc.edu/public/QAC/,sbs-pages/20150418/arabic.html,http://www.sbs.com.au/yourlanguage/arabic?language=ar,Arabic/Arabic_swadesh_list.html;swadesh/ara-eng.wiktionaryswadesh.masterlex.html,http://en.wiktionary.org/wiki/Appendix:Swadesh_lists_for_Afro-Asiatic_languages,http://ifp-08.ifp.uiuc.edu/public/wikipedia/ar/,http://ar.wikipedia.org
Armenian,hye,hy,Armenian/Armenian_segments.html,http://phoible.org/languages/hye,Armenian/Armenian_wikipedia_symboltable.html,http://en.wikipedia.org/wiki/Armenian_language,,,sbs-pages/20150418/armenian.html,http://www.sbs.com.au/yourlanguage/armenian/,Armenian/Armenian_swadesh_list.html;swadesh/hye-eng.wiktionaryswadesh.masterlex.html,http://en.wiktionary.org/wiki/Appendix:Armenian_Swadesh_list,http://ifp-08.ifp.uiuc.edu/public/wikipedia/hy/,http://hy.wikipedia.org
Assamese,asm,as,,http://phoible.org/languages/asm,Assamese/Assamese_wikipedia_symboltable.html,http://en.wikipedia.org/wiki/Assamese_language,,,,,,https://en.wikipedia.org/wiki/Indo-Iranian_languages,,http://as.wikipedia.org
Assyrian,aii,,Assyrian/Assyrian_segments.html,,Assyrian/Assyrian_wikipedia_symboltable.html,https://en.wikipedia.org/wiki/Assyrian_Neo-Aramaic,,,sbs-pages/20150418/assyrian.html,http://www.sbs.com.au/yourlanguage/assyrian/,Assyrian/Assyrian_swadesh_list.html,http://en.wiktionary.org/wiki/Appendix:Swadesh_lists_for_Afro-Asiatic_languages,,
Aymara,aym,ay,,http://phoible.org/languages/aym,Aymara/Aymara_wikipedia_symboltable.html,,,,,,,,,http://ay.wikipedia.org
Azerbaijani,aze,az,Azerbaijani/Azerbaijani_segments.html,http://phoible.org/inventories/view/187,Azerbaijani/Azerbaijani_wikipedia_symboltable.html,https://en.wikipedia.org/wiki/Azerbaijani_alphabet,,,,,swadesh/aze-eng.wiktionaryswadesh.masterlex.html,https://en.wiktionary.org/wiki/Appendix:Turkic_Swadesh_lists,,http://az.wikipedia.org
Bambara,bam,bm,,http://phoible.org/languages/bam,Bambara/Bambara_wikipedia_symboltable.html,https://en.wikipedia.org/wiki/Bambara_language,,,,,,,,http://bm.wikipedia.org
Belarusian,bel,be,,http://phoible.org/languages/bel,Belarussian/Belarussian_wikipedia_symboltable.html,https://en.wikipedia.org/wiki/Belarusian_alphabet,,,,,,https://en.wiktionary.org/wiki/Appendix:Belarusian_Swadesh_list,,http://be.wikipedia.org
Bengali;Bangla,ben,bn,Bangla/Bangla_segments.html,http://phoible.org/languages/ben,Bangla/Bangla_wikipedia_symboltable.html,http://en.wikipedia.org/wiki/Bengali_language,,,,http://www.sbs.com.au/yourlanguage/bangla/,Bangla/Bangla_swadesh_list.html,http://en.wiktionary.org/wiki/Appendix:Indo-Iranian_Swadesh_lists_(extended),http://ifp-08.ifp.uiuc.edu/public/wikipedia/bn/,http://bn.wikipedia.org
Berber,ber,,Berber/Berber_segments.html,http://phoible.org/languages/sjs,Berber/Berber_Latin_wikipedia_symboltable.html;Berber/Berber_Tifinagh_wikipedia_symboltable.html,http://en.wikipedia.org/wiki/Berber_languages,,,,,swadesh/ber-eng.wiktionaryswadesh.masterlex.html,http://en.wiktionary.org/wiki/Appendix:Swadesh_lists_for_Afro-Asiatic_languages,,
Bosnian,bos,bs,Bosnian/Bosnian_segments.html,http://phoible.org/inventories/view/1139,Bosnian/Bosnian_wikipedia_symboltable.html,http://en.wikipedia.org/wiki/Bosnian_language,,,sbs-pages/20150418/bosnian.html,http://www.sbs.com.au/yourlanguage/bosnian/,Bosnian/Bosnian_swadesh_list.html,http://en.wiktionary.org/wiki/Appendix:Serbo-Croatian_Swadesh_list,http://ifp-08.ifp.uiuc.edu/public/wikipedia/bs/,http://bs.wikipedia.org
Bulgarian,bul,bg,Bulgarian/Bulgarian_segments.html,http://phoible.org/languages/bul,Bulgarian/Bulgarian_wikipedia_symboltable.html,http://en.wikipedia.org/wiki/Bulgarian_language,,,sbs-pages/20150418/bulgarian.html,http://www.sbs.com.au/yourlanguage/bulgarian/,Bulgarian/Bulgarian_swadesh_list.html;swadesh/bul-eng.wiktionaryswadesh.masterlex.html,http://en.wiktionary.org/wiki/Appendix:Bulgarian_Swadesh_list,http://ifp-08.ifp.uiuc.edu/public/wikipedia/bg/,http://bg.wikipedia.org
Cantonese,yue,,Cantonese/Cantonese_segments.html,http://phoible.org/languages/yue,Cantonese/Cantonese_Jyutping_wikipedia_symboltable.html;Cantonese/Cantonese_Yale_wikipedia_symboltable.html,http://en.wikipedia.org/wiki/Yue_Chinese,,,sbs-pages/20150418/cantonese.html,http://www.sbs.com.au/yourlanguage/cantonese?language=zh-hant,Cantonese/Cantonese_swadesh_list.html;swadesh/yue-eng.wiktionaryswadesh.masterlex.html,http://en.wiktionary.org/wiki/Appendix:Cantonese_Swadesh_list,http://ifp-08.ifp.uiuc.edu/public/wikipedia/zh-yue/,http://zh-yue.wikipedia.org
Cebuano,ceb,,Cebuano/Cebuano_segments.html,http://phoible.org/inventories/view/1692,Cebuano/Cebuano_wikipedia_symboltable.html,https://en.wikipedia.org/wiki/Abakada_alphabet,,,,,swadesh/ceb-eng.wiktionaryswadesh.masterlex.html,,,http://ceb.wikipedia.org
Chewa,nya,ny,,,Chewa/Chewa_wikipedia_symboltable.html,https://en.wikipedia.org/wiki/Chewa_language,,,,,swadesh/nya-eng.wiktionaryswadesh.masterlex.html,,,http://ny.wikipedia.org
Cook Islands Maori,rar,,,,Cookislands-Maori/Cookislands-Maori_wikipedia_symboltable.html,http://en.wikipedia.org/wiki/Cook_Islands_Maori,,,Cookislands-Maori/text_sbs_20150418.html,http://www.sbs.com.au/yourlanguage/cookislands-maori/,Cookislands-Maori/Cookislands-Maori_swadesh_list.html,,,
Croatian,hrv,hr,Croatian/Croatian_segments.html,http://phoible.org/languages/hrv,Croatian/Croatian_wikipedia_symboltable.html,http://en.wikipedia.org/wiki/Croatian_language,,,sbs-pages/20150418/croatian.html,http://www.sbs.com.au/yourlanguage/croatian/,Croatian/Croatian_swadesh_list.html;swadesh/hrv-eng.wiktionaryswadesh.masterlex.html,http://en.wiktionary.org/wiki/Appendix:Serbo-Croatian_Swadesh_list,http://ifp-08.ifp.uiuc.edu/public/wikipedia/hr/,http://hr.wikipedia.org
Czech,ces,cs,Czech/Czech_segments.html,http://phoible.org/languages/ces,Czech/Czech_wikipedia_symboltable.html,http://en.wikipedia.org/wiki/Czech_language,,,sbs-pages/20150418/czech.html,http://www.sbs.com.au/yourlanguage/czech/,Czech/Czech_swadesh_list.html,http://en.wiktionary.org/wiki/Appendix:Czech_Swadesh_list,http://ifp-08.ifp.uiuc.edu/public/wikipedia/cs/,http://cs.wikipedia.org
Danish,dan,da,Danish/Danish_segments.html,http://phoible.org/languages/dan,Danish/Danish_wikipedia_symboltable.html,http://en.wikipedia.org/wiki/Danish_language,,,sbs-pages/20150418/danish.html,http://www.sbs.com.au/yourlanguage/danish/,Danish/Danish_swadesh_list.html,http://en.wiktionary.org/wiki/Appendix:Danish_Swadesh_list,http://ifp-08.ifp.uiuc.edu/public/wikipedia/da/,http://da.wikipedia.org
Dari,prs,fa,Dari/Dari_segments.html,http://phoible.org/languages/prs,Dari/Dari_wikipedia_symboltable.html,http://en.wikipedia.org/wiki/Dari_language,,,sbs-pages/20150418/dari.html,http://www.sbs.com.au/yourlanguage/dari/,Dari/Dari_swadesh_list.html,http://en.wiktionary.org/wiki/Appendix:Indo-Iranian_Swadesh_lists_(extended),http://ifp-08.ifp.uiuc.edu/public/wikipedia/fa/,http://fa.wikipedia.org
Dinka,din,,Dinka/Dinka_segments.html,http://phoible.org/languages/din,Dinka/Dinka_wikipedia_symboltable.html,http://en.wikipedia.org/wiki/Dinka_language,,,sbs-pages/20150418/dinka.html,http://www.sbs.com.au/yourlanguage/dinka/,,,,
Dutch,nld,nl,Dutch/Dutch_segments.html,http://phoible.org/languages/nld,Dutch/Dutch_wikipedia_symboltable.html,http://en.wikipedia.org/wiki/Dutch_language,,,sbs-pages/20150418/dutch.html,http://www.sbs.com.au/yourlanguage/dutch/,Dutch/Dutch_swadesh_list.html;swadesh/nld-eng.wiktionaryswadesh.masterlex.html,http://en.wiktionary.org/wiki/Appendix:Dutch_Swadesh_list,http://ifp-08.ifp.uiuc.edu/public/wikipedia/nl/,http://nl.wikipedia.org
Egyptian Arabic,arz,,Egyptian-Arabic/Egyptian-Arabic_segments.html,http://phoible.org/languages/arz,Egyptian-Arabic/Egyptian-Arabic_wikipedia_symboltable.html,http://en.wikipedia.org/wiki/Egyptian_Arabic,,,,,Egyptian-Arabic/Egyptian-Arabic_swadesh_list.html,http://en.wiktionary.org/wiki/Appendix:Egyptian_Arabic_Swadesh_list,,
English,eng,,English/English_segments.html,http://phoible.org/languages/eng,English/English_wikipedia_symboltable.html,http://en.wikipedia.org/wiki/English_language,English/ISLEdict.html,http://www.speech.cs.cmu.edu/cgi-bin/cmudict;http://icon.shef.ac.uk/Moby/,,,English/English_swadesh_list.html,http://en.wiktionary.org/wiki/Appendix:Swadesh_lists_for_Germanic_languages,,http://en.wikipedia.org
Estonian,est,et,Estonian/Estonian_segments.html,http://phoible.org/languages/est,Estonian/Estonian_wikipedia_symboltable.html,http://en.wikipedia.org/wiki/Estonian_language,,,sbs-pages/20150418/estonian.html,http://www.sbs.com.au/yourlanguage/estonian/,Estonian/Estonian_swadesh_list.html,,http://ifp-08.ifp.uiuc.edu/public/wikipedia/et/,http://et.wikipedia.org
Fijian,fij,fj,Fijian/Fijian_segments.html,http://phoible.org/languages/fij,Fijian/Fijian_wikipedia_symboltable.html,http://en.wikipedia.org/wiki/Fijian_language,,,sbs-pages/20150418/fijian.html,http://www.sbs.com.au/yourlanguage/fijian/,Fijian/Fijian_swadesh_list.html;swadesh/fij-eng.wiktionaryswadesh.masterlex.html,http://en.wiktionary.org/wiki/Appendix:Fijian_Swadesh_list,http://ifp-08.ifp.uiuc.edu/public/wikipedia/fj/,http://fj.wikipedia.org
Filipino,fil,tl,Filipino/Filipino_segments.html,http://phoible.org/languages/fil,Filipino/Filipino_wikipedia_symboltable.html,http://en.wikipedia.org/wiki/Filipino_language,,,sbs-pages/20150418/filipino.html,http://www.sbs.com.au/yourlanguage/filipino?language=fil,Filipino/Filipino_swadesh_list.html,http://en.wiktionary.org/wiki/Appendix:Tagalog_Swadesh_list,http://ifp-08.ifp.uiuc.edu/public/wikipedia/tl/,http://tl.wikipedia.org
Finnish,fin,fi,Finnish/Finnish_segments.html,http://phoible.org/languages/fin,Finnish/Finnish_wikipedia_symboltable.html,http://en.wikipedia.org/wiki/Finnish_language,,,sbs-pages/20150418/finnish.html,http://www.sbs.com.au/yourlanguage/finnish/,Finnish/Finnish_swadesh_list.html;swadesh/fin-eng.wiktionaryswadesh.masterlex.html,http://en.wiktionary.org/wiki/Appendix:Swadesh_lists_for_Uralic_languages,http://ifp-08.ifp.uiuc.edu/public/wikipedia/fi/,http://fi.wikipedia.org
French,fra,fr,French/French_segments.html,http://phoible.org/languages/fra,French/French_wikipedia_symboltable.html,http://en.wikipedia.org/wiki/French_language,,,sbs-pages/20150418/french.html,http://www.sbs.com.au/yourlanguage/french/,French/French_swadesh_list.html;swadesh/fra-eng.wiktionaryswadesh.masterlex.html,http://en.wiktionary.org/wiki/Appendix:French_Swadesh_list,http://ifp-08.ifp.uiuc.edu/public/wikipedia/fr/,http://fr.wikipedia.org
Fula,fuh,,Fulfulde/Fulfulde_segments.html,http://phoible.org/languages/fuh,Fulfulde/Fulfulde_wikipedia_symboltable.html,https://en.wikipedia.org/wiki/Fula_language,,,,,swadesh/ful-eng.wiktionaryswadesh.masterlex.html,https://en.wiktionary.org/wiki/Appendix:Niger-Congo_Swadesh_lists,,
Georgian,kat,ka,Georgian/Georgian_segments.html,http://phoible.org/inventories/view/5,Georgian/Georgian_Mkhedruli_wikipedia_symboltable.html,https://en.wikipedia.org/wiki/Georgian_scripts,,,,,,https://en.wiktionary.org/wiki/Appendix:Georgian_Swadesh_list,,http://ka.wikipedia.org
German,deu,de,German/German_segments.html,http://phoible.org/languages/deu,German/German_wikipedia_symboltable.html,http://en.wikipedia.org/wiki/German_language,,,sbs-pages/20150418/german.html,http://www.sbs.com.au/yourlanguage/german/,German/German_swadesh_list.html;swadesh/deu-eng.wiktionaryswadesh.masterlex.html,http://en.wiktionary.org/wiki/Appendix:German_Swadesh_list,http://ifp-08.ifp.uiuc.edu/public/wikipedia/de/,http://de.wikipedia.org
Greek,ell,el,Greek/Greek_segments.html,http://phoible.org/languages/ell,Greek/Greek_wikipedia_symboltable.html,http://en.wikipedia.org/wiki/Greek_language,,,sbs-pages/20150418/greek.html,http://www.sbs.com.au/yourlanguage/greek?language=el,Greek/Greek_swadesh_list.html;swadesh/ell-eng.wiktionaryswadesh.masterlex.html,http://en.wiktionary.org/wiki/Appendix:Greek_Swadesh_list,http://ifp-08.ifp.uiuc.edu/public/wikipedia/el/,http://el.wikipedia.org
Guarani,grn,gn,Guarani/Guarani_segments.html,http://phoible.org/languages/gnw,Guarani/Guarani_wikipedia_symboltable.html,http://en.wikipedia.org/wiki/Guarani_language,,,,,swadesh/grn-eng.wiktionaryswadesh.masterlex.html,https://en.wiktionary.org/wiki/Appendix:Guaran%C3%AD_Swadesh_list,,http://gn.wikipedia.org
Gujarati,guj,gu,Gujarati/Gujarati_segments.html,http://phoible.org/languages/guj,Gujarati/Gujarati_wikipedia_symboltable.html,http://en.wikipedia.org/wiki/Gujarati_language,,,sbs-pages/20150418/gujarati.html,http://www.sbs.com.au/yourlanguage/gujarati?language=gu,Gujarati/Gujarati_swadesh_list.html,http://en.wiktionary.org/wiki/Appendix:Indo-Iranian_Swadesh_lists_(extended),http://ifp-08.ifp.uiuc.edu/public/wikipedia/gu/,http://gu.wikipedia.org
Haitian Creole,hat,ht,,,Haitian/Haitian_wikipedia_symboltable.html,http://en.wikipedia.org/wiki/Haitian_Creole,,,,,swadesh/hat-eng.wiktionaryswadesh.masterlex.html,,,
Hausa,hau,,Hausa/Hausa_segments.html,http://phoible.org/languages/hau,Hausa/Hausa_Ajami_wikipedia_symboltable.html;Hausa/Hausa_Boko_wikipedia_symboltable.html,http://en.wikipedia.org/wiki/Hausa_language,,,,,swadesh/hau-eng.wiktionaryswadesh.masterlex.html,https://en.wiktionary.org/wiki/Appendix:Hausa_Swadesh_list,,http://ha.wikipedia.org
Hebrew,heb,he,Hebrew/Hebrew_segments.html,http://phoible.org/languages/heb,Hebrew/Hebrew_wikipedia_symboltable.html,http://en.wikipedia.org/wiki/Hebrew_language,,,sbs-pages/20150418/hebrew.html,http://www.sbs.com.au/yourlanguage/hebrew/,Hebrew/Hebrew_swadesh_list.html,http://en.wiktionary.org/wiki/Appendix:Swadesh_lists_for_Afro-Asiatic_languages,http://ifp-08.ifp.uiuc.edu/public/wikipedia/he/,http://he.wikipedia.org
Hindi,hin,hi,Hindi/Hindi_segments.html,http://phoible.org/languages/hin,Hindi/Hindi_wikipedia_symboltable.html,http://en.wikipedia.org/wiki/Hindi_language,,,sbs-pages/20150418/hindi.html,http://www.sbs.com.au/yourlanguage/hindi?language=hi,Hindi/Hindi_swadesh_list.html;swadesh/hin-eng.wiktionaryswadesh.masterlex.html,http://en.wiktionary.org/wiki/Appendix:Hindi_Swadesh_list,http://ifp-08.ifp.uiuc.edu/public/wikipedia/hi/,http://hi.wikipedia.org
Hmong,hmv,,Hmong/Hmong_segments.html,http://phoible.org/languages/mww,Hmong/Hmong_wikipedia_symboltable.html,http://en.wikipedia.org/wiki/Hmong_Daw,,,sbs-pages/20150418/hmong.html,http://www.sbs.com.au/yourlanguage/hmong/,Hmong/Hmong_swadesh_list.html;swadesh/hmv-eng.wiktionaryswadesh.masterlex.html,http://en.wiktionary.org/wiki/Appendix:White_Hmong_Swadesh_list,,
Hungarian,hun,hu,Hungarian/Hungarian_segments.html,http://phoible.org/languages/hun,Hungarian/Hungarian_wikipedia_symboltable.html,http://en.wikipedia.org/wiki/Hungarian_language,,,sbs-pages/20150418/hungarian.html,http://www.sbs.com.au/yourlanguage/hungarian/,Hungarian/Hungarian_swadesh_list.html;swadesh/hun-eng.wiktionaryswadesh.masterlex.html,http://en.wiktionary.org/wiki/Appendix:Hungarian_Swadesh_list,http://ifp-08.ifp.uiuc.edu/public/wikipedia/hu/,http://hu.wikipedia.org
Igbo,ibo,ig,Igbo/Igbo_segments.html,http://phoible.org/inventories/view/143,Igbo/Igbo_wikipedia_symboltable.html,https://en.wikipedia.org/wiki/Igbo_language,,,,,swadesh/ibo-eng.wiktionaryswadesh.masterlex.html,https://en.wiktionary.org/wiki/Appendix:Niger-Congo_Swadesh_lists,,http://ig.wikipedia.org
Indonesian,ind,id,Indonesian/Indonesian_segments.html,http://phoible.org/languages/ind,Indonesian/Indonesian_wikipedia_symboltable.html,http://en.wikipedia.org/wiki/Indonesian_language,,,sbs-pages/20150418/indonesian.html,http://www.sbs.com.au/yourlanguage/indonesian?language=id,Indonesian/Indonesian_swadesh_list.html;swadesh/ind-eng.wiktionaryswadesh.masterlex.html,http://en.wiktionary.org/wiki/Appendix:Indonesian_Swadesh_list,http://ifp-08.ifp.uiuc.edu/public/wikipedia/id/,http://id.wikipedia.org
Italian,ita,it,Italian/Italian_segments.html,http://phoible.org/languages/ita,Italian/Italian_wikipedia_symboltable.html,http://en.wikipedia.org/wiki/Italian_language,,,sbs-pages/20150418/italian.html,http://www.sbs.com.au/yourlanguage/italian?language=it,Italian/Italian_swadesh_list.html;swadesh/ita-eng.wiktionaryswadesh.masterlex.html,http://en.wiktionary.org/wiki/Appendix:Italian_Swadesh_list,http://ifp-08.ifp.uiuc.edu/public/wikipedia/it/,http://it.wikipedia.org
Japanese,jpn,ja,Japanese/Japanese_segments.html,http://phoible.org/languages/jpn,Japanese/Japanese_wikipedia_symboltable.html,http://en.wikipedia.org/wiki/Japanese_language,,,sbs-pages/20150418/japanese.html,http://www.sbs.com.au/yourlanguage/japanese/,Japanese/Japanese_swadesh_list.html;swadesh/jpn-eng.wiktionaryswadesh.masterlex.html,http://en.wiktionary.org/wiki/Appendix:Japanese_Swadesh_list,http://ifp-08.ifp.uiuc.edu/public/wikipedia/ja/,http://ja.wikipedia.org
Javanese,jav,jv,Javanese/Javanese_segments.html,http://phoible.org/inventories/view/1675,Javanese/Javanese_Latin_wikipedia_symboltable.html;Javanese/Javanese_Hanacarakan_wikipedia_symboltable.html,https://en.wikipedia.org/wiki/Javanese_script,,,,,swadesh/jav-eng.wiktionaryswadesh.masterlex.html,https://en.wiktionary.org/wiki/Appendix:Austronesian_Swadesh_lists,,http://jv.wikipedia.org
Kannada,kan,kn,Kannada/Kannada_segments.html,http://phoible.org/languages/kan,Kannada/Kannada_wikipedia_symboltable.html,http://en.wikipedia.org/wiki/Kannada_language,,,sbs-pages/20150418/kannada.html,http://www.sbs.com.au/yourlanguage/kannada/,Kannada/Kannada_swadesh_list.html;swadesh/kan-eng.wiktionaryswadesh.masterlex.html,http://en.wiktionary.org/wiki/Appendix:Swadesh_lists_for_Dravidian_languages,http://ifp-08.ifp.uiuc.edu/public/wikipedia/kn/,http://kn.wikipedia.org
Kazakh,kaz,kk,,,Kazakh/Kazakh_Arabic_wikipedia_symboltable.html;Kazakh/Kazakh_Cyrillic_wikipedia_symboltable.html;Kazakh/Kazakh_Latin_wikipedia_symboltable.html,https://en.wikipedia.org/wiki/Kazakh_alphabets,,,,,Kazakh/Kazakh_swadesh_list.html;swadesh/kaz-eng.wiktionaryswadesh.masterlex.html,https://en.wikipedia.org/wiki/Turkic_languages,,http://kk.wikipedia.org
Khmer,khm,km,Khmer/Khmer_segments.html,http://phoible.org/languages/khm,Khmer/Khmer_wikipedia_symboltable.html,http://en.wikipedia.org/wiki/Khmer_language,,,sbs-pages/20150418/khmer.html,http://www.sbs.com.au/yourlanguage/khmer/,Khmer/Khmer_swadesh_list.html;swadesh/khm-eng.wiktionaryswadesh.masterlex.html,http://en.wiktionary.org/wiki/Appendix:Khmer_Swadesh_list,http://ifp-08.ifp.uiuc.edu/public/wikipedia/km/,http://km.wikipedia.org
Kikuyu,kik,ki,Kikuyu/Kikuyu_segments.html,http://phoible.org/inventories/view/748,Kikuyu/Kikuyu_wikipedia_symboltable.html,https://en.wikipedia.org/wiki/Kikuyu_language,,,,,swadesh/kik-eng.wiktionaryswadesh.masterlex.html,,,http://ki.wikipedia.org
Kinyarwanda,kin,rw,Kinyarwanda/Kinyarwanda_segments.html,http://phoible.org/inventories/view/911,Kinyarwanda/Kinyarwanda_wikipedia_symboltable.html,https://en.wikipedia.org/wiki/Kinyarwanda,,,,,swadesh/kin-eng.wiktionaryswadesh.masterlex.html,,,http://rw.wikipedia.org/
Kirundi,run,rn,,http://phoible.org/languages/run,Kirundi/Kirundi_wikipedia_symboltable.html,https://en.wikipedia.org/wiki/Kirundi,,,,,,,,http://rn.wikipedia.org/
Kongo,kon,kg,Kongo/Kongo_segments.html,http://phoible.org/inventories/view/1571,Kongo/Kongo_wikipedia_symboltable.html,https://en.wikipedia.org/wiki/Kongo_language,,,,,swadesh/kon-eng.wiktionaryswadesh.masterlex.html,,,http://kg.wikipedia.org
Korean,kor,ko,Korean/Korean_segments.html,http://phoible.org/languages/kor,Korean/Korean_wikipedia_symboltable.html,http://en.wikipedia.org/wiki/Korean_language,,,sbs-pages/20150418/korean.html,http://www.sbs.com.au/yourlanguage/korean?language=ko,Korean/Korean_swadesh_list.html;swadesh/kor-eng.wiktionaryswadesh.masterlex.html,http://en.wiktionary.org/wiki/Appendix:Korean_Swadesh_list,http://ifp-08.ifp.uiuc.edu/public/wikipedia/ko/,http://ko.wikipedia.org
Kurdish,kur,ku,Kurdish/Kurdish_segments.html,http://phoible.org/languages/kmr,Kurdish/Kurdish_wikipedia_symboltable.html,http://en.wikipedia.org/wiki/Kurdish_language,,,sbs-pages/20150418/kurdish.html,http://www.sbs.com.au/yourlanguage/kurdish/,Kurdish/Kurdish_swadesh_list.html;swadesh/kur-eng.wiktionaryswadesh.masterlex.html,http://en.wiktionary.org/wiki/Appendix:Kurdish_Swadesh_list,http://ifp-08.ifp.uiuc.edu/public/wikipedia/ku/,http://ku.wikipedia.org
Kyrgyz,kir,,Kyrgyz/Kyrgyz_segments.html,http://phoible.org/languages/kir,Kyrgyz/Kyrgyz_Cyrillic_wikipedia_symboltable.html;Kyrgyz/Kyrgyz_Turkish_wikipedia_symboltable.html;Kyrgyz/Kyrgyz_Arabic_wikipedia_symboltable.html,https://en.wikipedia.org/wiki/Kyrgyz_alphabets,,,,,Kyrgyz/Kyrgyz_swadesh_list.html;swadesh/kir-eng.wiktionaryswadesh.masterlex.html,https://en.wikipedia.org/wiki/Turkic_languages,,
Lao,lao,lo,Lao/Lao_segments.html,http://phoible.org/languages/lao,Lao/Lao_wikipedia_symboltable.html,http://en.wikipedia.org/wiki/Lao_language,,,sbs-pages/20150418/lao.html,http://www.sbs.com.au/yourlanguage/lao/,Lao/Lao_swadesh_list.html;swadesh/lao-eng.wiktionaryswadesh.masterlex.html,http://en.wiktionary.org/wiki/Appendix:Swadesh_lists_for_Tai-Kadai_languages,http://ifp-08.ifp.uiuc.edu/public/wikipedia/lo/,http://lo.wikipedia.org
Latvian,lav,lv,Latvian/Latvian_segments.html,http://phoible.org/languages/lav,Latvian/Latvian_wikipedia_symboltable.html,http://en.wikipedia.org/wiki/Latvian_language,,,sbs-pages/20150418/latvian.html,http://www.sbs.com.au/yourlanguage/latvian/,Latvian/Latvian_swadesh_list.html,http://en.wiktionary.org/wiki/Appendix:Latvian_Swadesh_list,http://ifp-08.ifp.uiuc.edu/public/wikipedia/lv/,http://lv.wikipedia.org
Levantine Arabic,ajp,,Jordanian-Arabic/Jordanian-Arabic_segments.html,http://phoible.org/languages/ajp,Jordanian-Arabic/Jordanian-Arabic_wikipedia_symboltable.html,http://en.wikipedia.org/wiki/Levantine_Arabic,,,,,Jordanian-Arabic/Jordanian-Arabic_swadesh_list.html,http://en.wiktionary.org/wiki/Appendix:Palestinian_Arabic_Swadesh_list,,
Lithuanian,lit,lt,Lithuanian/Lithuanian_segments.html,http://phoible.org/languages/lit,Lithuanian/Lithuanian_wikipedia_symboltable.html,http://en.wikipedia.org/wiki/Lithuanian_language,,,sbs-pages/20150418/lithuanian.html,http://www.sbs.com.au/yourlanguage/lithuanian/,Lithuanian/Lithuanian_swadesh_list.html;swadesh/lit-eng.wiktionaryswadesh.masterlex.html,http://en.wiktionary.org/wiki/Appendix:Lithuanian_Swadesh_list,http://ifp-08.ifp.uiuc.edu/public/wikipedia/lt/,http://lt.wikipedia.org
Luba-Kasai,lua,,,,Luba/Luba_wikipedia_symboltable.html,,,,,,swadesh/lua-eng.wiktionaryswadesh.masterlex.html,,,
Macedonian,mkd,mk,Macedonian/Macedonian_segments.html,http://phoible.org/languages/mkd,Macedonian/Macedonian_wikipedia_symboltable.html,http://en.wikipedia.org/wiki/Macedonian_language,,,sbs-pages/20150418/macedonian.html,http://www.sbs.com.au/yourlanguage/macedonian/,Macedonian/Macedonian_swadesh_list.html,http://en.wiktionary.org/wiki/Appendix:Macedonian_Swadesh_list,http://ifp-08.ifp.uiuc.edu/public/wikipedia/mk/,http://mk.wikipedia.org
Malagasy,mlg,mg,Malagasy/Malagasy_segments.html,http://phoible.org/inventories/view/31,Malagasy/Malagasy_wikipedia_symboltable.html,https://en.wikipedia.org/wiki/Malagasy_language,,,,,swadesh/mlg-eng.wiktionaryswadesh.masterlex.html,,,
Malay,zsm,ms,Malay/Malay_segments.html,http://phoible.org/languages/zsm,Malay/Malay_wikipedia_symboltable.html,http://en.wikipedia.org/wiki/Malay_language,,,sbs-pages/20150418/malay.html,http://www.sbs.com.au/yourlanguage/malay/,Malay/Malay_swadesh_list.html,http://en.wiktionary.org/wiki/Appendix:Malay_Swadesh_list,http://ifp-08.ifp.uiuc.edu/public/wikipedia/ms/,http://ms.wikipedia.org
Malayalam,mal,ml,Malayalam/Malayalam_segments.html,http://phoible.org/languages/mal,Malayalam/Malayalam_wikipedia_symboltable.html,http://en.wikipedia.org/wiki/Malayalam_language,,,sbs-pages/20150418/malayalam.html,http://www.sbs.com.au/yourlanguage/malayalam?language=ml,Malayalam/Malayalam_swadesh_list.html;swadesh/mal-eng.wiktionaryswadesh.masterlex.html,http://en.wiktionary.org/wiki/Appendix:Swadesh_lists_for_Dravidian_languages,http://ifp-08.ifp.uiuc.edu/public/wikipedia/ml/,http://ml.wikipedia.org
Maltese,mlt,mt,Maltese/Maltese_segments.html,http://phoible.org/languages/mlt,Maltese/Maltese_wikipedia_symboltable.html,http://en.wikipedia.org/wiki/Maltese_language,,,sbs-pages/20150418/maltese.html,http://www.sbs.com.au/yourlanguage/maltese/,Maltese/Maltese_swadesh_list.html,http://en.wiktionary.org/wiki/Appendix:Maltese_Swadesh_list,http://ifp-08.ifp.uiuc.edu/public/wikipedia/mt/,http://mt.wikipedia.org
Mandarin,cmn,zh,Mandarin/Mandarin_segments.html,http://phoible.org/languages/cmn,Mandarin/Mandarin_Pinyin_wikipedia_symboltable.html,https://en.wikipedia.org/wiki/Pinyin,,,sbs-pages/20150418/mandarin.html,http://www.sbs.com.au/yourlanguage/mandarin?language=zh-hans,Mandarin/Mandarin_swadesh_list.html;swadesh/cmn-eng.wiktionaryswadesh.masterlex.html,http://en.wiktionary.org/wiki/Appendix:Mandarin_Swadesh_list,http://ifp-08.ifp.uiuc.edu/public/wikipedia/zh/,http://zh.wikipedia.org
Mandinka,mnk,,Mandinka/Mandinka_segments.html,http://phoible.org/inventories/view/1126,Mandinka/Mandinka_wikipedia_symboltable.html,https://en.wikipedia.org/wiki/Mandinka_language,,,,,swadesh/mnk-eng.wiktionaryswadesh.masterlex.html,,,
Maori,mri,mi,Maori/Maori_segments.html,http://phoible.org/inventories/view/42,Maori/Maori_wikipedia_symboltable.html,,,,Maori/text_sbs_20150418.html,http://www.sbs.com.au/yourlanguage/maori/,,https://en.wiktionary.org/wiki/Appendix:Austronesian_Swadesh_lists,,http://mi.wikipedia.org
Marathi,mar,mr,Marathi/Marathi_segments.html,http://phoible.org/inventories/view/1766,Marathi/Marathi_Balbodh_wikipedia_symboltable.html,https://en.wikipedia.org/wiki/Balbodh,,,,,,https://en.wiktionary.org/wiki/Appendix:Indo-Aryan_Swadesh_lists,,http://mr.wikipedia.org
Mongolian,mon,mn,Mongolian/Mongolian_segments.html,http://phoible.org/inventories/view/191,Mongolian/Mongolian_wikipedia_symboltable.html,https://en.wikipedia.org/wiki/Mongolian_writing_systems,,,,,swadesh/mon-eng.wiktionaryswadesh.masterlex.html,,,http://mn.wikipedia.org
Myanmar,mya,my,Burmese/Burmese_segments.html,http://phoible.org/languages/mya,Burmese/Burmese_wikipedia_symboltable.html,http://en.wikipedia.org/wiki/Burmese_language,,,sbs-pages/20150418/burmese.html,http://www.sbs.com.au/yourlanguage/burmese/,Burmese/Burmese_swadesh_list.html;swadesh/mya-eng.wiktionaryswadesh.masterlex.html,http://en.wiktionary.org/wiki/Appendix:Burmese_Swadesh_list,http://ifp-08.ifp.uiuc.edu/public/wikipedia/my/,http://my.wikipedia.org
Ndebele,nde,nd,Ndebele/Ndebele_segments.html,http://phoible.org/inventories/view/1491,Ndebele/Ndebele_wikipedia_symboltable.html,https://en.wikipedia.org/wiki/Zimbabwean_Ndebele_language,,,,https://archive.org/details/rosettaproject_nde_vertext-1,,,,
Nepali,nep,ne,Nepali/Nepali_segments.html,http://phoible.org/languages/nep,Nepali/Nepali_wikipedia_symboltable.html,http://en.wikipedia.org/wiki/Nepali_language,,,sbs-pages/20150418/nepali.html,http://www.sbs.com.au/yourlanguage/nepali?language=ne,Nepali/Nepali_swadesh_list.html,http://en.wiktionary.org/wiki/Appendix:Indo-Iranian_Swadesh_lists_(extended),http://ifp-08.ifp.uiuc.edu/public/wikipedia/ne/,http://ne.wikipedia.org
Norwegian,nob,no,Norwegian/Norwegian_segments.html,http://phoible.org/languages/nob,Norwegian/Norwegian_wikipedia_symboltable.html,http://en.wikipedia.org/wiki/Norwegian_language,,,sbs-pages/20150418/norwegian.html,http://www.sbs.com.au/yourlanguage/norwegian/,Norwegian/Norwegian_swadesh_list.html,http://en.wiktionary.org/wiki/Appendix:Swadesh_lists_for_Germanic_languages,,http://no.wikipedia.org
Oromo,orm,om,Oromo/Oromo_segments.html,http://phoible.org/inventories/view/1362,Oromo/Oromo_wikipedia_symboltable.html,https://en.wikipedia.org/wiki/Oromo_language,,,,,swadesh/orm-eng.wiktionaryswadesh.masterlex.html,https://en.wiktionary.org/wiki/Appendix:Afro-Asiatic_Swadesh_lists,,http://om.wikipedia.org
Ossetian,oss,os,Ossetian/Ossetian_segments.html,http://phoible.org/inventories/view/976,Ossetian/Ossetian_wikipedia_symboltable.html,https://en.wikipedia.org/wiki/Ossetian_language,,,,,swadesh/oss-eng.wiktionaryswadesh.masterlex.html,https://en.wiktionary.org/wiki/Appendix:Ossetian_Swadesh_list,,http://os.wikipedia.org
Papiamento,pap,,,http://phoible.org/languages/pap,Papiamento/Papiamento_wikipedia_symboltable.html,https://en.wikipedia.org/wiki/Papiamento,,,,,,,,
Pashto,pst,ps,Pashto/Pashto_segments.html,http://phoible.org/languages/pst,Pashto/Pashto_wikipedia_symboltable.html,http://en.wikipedia.org/wiki/Pashto_language,,,sbs-pages/20150418/pashto.html,http://www.sbs.com.au/yourlanguage/pashto/,Pashto/Pashto_swadesh_list.html,http://en.wiktionary.org/wiki/Appendix:Indo-Iranian_Swadesh_lists,http://ifp-08.ifp.uiuc.edu/public/wikipedia/ps/,http://ps.wikipedia.org
Persian,pes,fa,Persian-Farsi/Persian-Farsi_segments.html,http://phoible.org/languages/pes,Persian-Farsi/Persian-Farsi_wikipedia_symboltable.html,http://en.wikipedia.org/wiki/Persian_language,,,sbs-pages/20150418/persian-farsi.html,http://www.sbs.com.au/yourlanguage/persian-farsi/,Persian-Farsi/Persian-Farsi_swadesh_list.html;swadesh/pes-eng.wiktionaryswadesh.masterlex.html,http://en.wiktionary.org/wiki/Appendix:Indo-Iranian_Swadesh_lists_(extended),http://ifp-08.ifp.uiuc.edu/public/wikipedia/fa/,http://fa.wikipedia.org
Polish,pol,pl,Polish/Polish_segments.html,http://phoible.org/languages/pol,Polish/Polish_wikipedia_symboltable.html,http://en.wikipedia.org/wiki/Polish_language,,,sbs-pages/20150418/polish.html,http://www.sbs.com.au/yourlanguage/polish/,Polish/Polish_swadesh_list.html;swadesh/pol-eng.wiktionaryswadesh.masterlex.html,http://en.wiktionary.org/wiki/Appendix:Polish_Swadesh_list,http://ifp-08.ifp.uiuc.edu/public/wikipedia/pl/,http://pl.wikipedia.org
Portuguese,por,pt,Portuguese/Portuguese_segments.html,http://phoible.org/languages/por,Portuguese/Portuguese_wikipedia_symboltable.html,http://en.wikipedia.org/wiki/Portuguese_language,,,sbs-pages/20150418/portuguese.html,http://www.sbs.com.au/yourlanguage/portuguese/,Portuguese/Portuguese_swadesh_list.html;swadesh/por-eng.wiktionaryswadesh.masterlex.html,http://en.wiktionary.org/wiki/Appendix:Portuguese_Swadesh_list,http://ifp-08.ifp.uiuc.edu/public/wikipedia/pt/,http://pt.wikipedia.org
Punjabi,pan,pa,Punjabi/Punjabi_segments.html,http://phoible.org/languages/pan,Punjabi/Punjabi_wikipedia_symboltable.html,http://en.wikipedia.org/wiki/Punjabi_language,,,sbs-pages/20150418/punjabi.html,http://www.sbs.com.au/yourlanguage/punjabi/,Punjabi/Punjabi_swadesh_list.html,http://en.wiktionary.org/wiki/Appendix:Indo-Iranian_Swadesh_lists_(extended),http://ifp-08.ifp.uiuc.edu/public/wikipedia/pa/,http://pa.wikipedia.org
Quechua,que,qu,Quechua/Quechua_segments.html,http://phoible.org/inventories/view/2024,Quechua/Quechua_wikipedia_symboltable.html,https://en.wikipedia.org/wiki/Quechuan_languages,,,,,swadesh/que-eng.wiktionaryswadesh.masterlex.html,https://en.wiktionary.org/wiki/Appendix:Quechuan_Swadesh_list,,http://qu.wikipedia.org
Rohingya,rhg,,,http://phoible.org/languages/rhg,Rohingya/Rohingya_wikipedia_symboltable.html,https://en.wikipedia.org/wiki/Rohingya_language,,,,,,,,
Romanian,ron,ro,Romanian/Romanian_segments.html,http://phoible.org/languages/ron,Romanian/Romanian_wikipedia_symboltable.html,http://en.wikipedia.org/wiki/Romanian_language,,,sbs-pages/20150418/romanian.html,http://www.sbs.com.au/yourlanguage/romanian/,Romanian/Romanian_swadesh_list.html;swadesh/ron-eng.wiktionaryswadesh.masterlex.html,http://en.wiktionary.org/wiki/Appendix:Romanian_Swadesh_list,http://ifp-08.ifp.uiuc.edu/public/wikipedia/ro/,http://ro.wikipedia.org
Russian,rus,ru,Russian/Russian_segments.html,http://phoible.org/languages/rus,Russian/Russian_wikipedia_symboltable.html,http://en.wikipedia.org/wiki/Russian_language,,,sbs-pages/20150418/russian.html,http://www.sbs.com.au/yourlanguage/russian/,Russian/Russian_swadesh_list.html;swadesh/rus-eng.wiktionaryswadesh.masterlex.html,http://en.wiktionary.org/wiki/Appendix:Russian_Swadesh_list,http://ifp-08.ifp.uiuc.edu/public/wikipedia/ru/,http://ru.wikipedia.org
Samoan,smo,sm,Samoan/Samoan_segments.html,http://phoible.org/languages/smo,Samoan/Samoan_wikipedia_symboltable.html,http://en.wikipedia.org/wiki/Samoan_language,,,sbs-pages/20150418/samoan.html,http://www.sbs.com.au/yourlanguage/samoan?language=sm,,,http://ifp-08.ifp.uiuc.edu/public/wikipedia/sm/,http://sm.wikipedia.org
Serbian,srp,sr,Serbian/Serbian_segments.html,http://phoible.org/languages/srp,Serbian/Serbian_wikipedia_symboltable.html,http://en.wikipedia.org/wiki/Serbian_language,,,sbs-pages/20150418/serbian.html,http://www.sbs.com.au/yourlanguage/serbian/,Serbian/Serbian_swadesh_list.html,http://en.wiktionary.org/wiki/Appendix:Serbo-Croatian_Swadesh_list,http://ifp-08.ifp.uiuc.edu/public/wikipedia/sr/,http://sr.wikipedia.org
Shona,sna,sn,Shona/Shona_segments.html,http://phoible.org/languages/sna,Shona/Shona_wikipedia_symboltable.html,http://en.wikipedia.org/wiki/Shona_language,,,,,swadesh/sna-eng.wiktionaryswadesh.masterlex.html,https://en.wiktionary.org/wiki/Appendix:Bantu_Swadesh_lists,,http://sn.wikipedia.org
Sinhala,sin,si,Sinhalese/Sinhalese_segments.html,http://phoible.org/languages/sin,Sinhalese/Sinhalese_wikipedia_symboltable.html,http://en.wikipedia.org/wiki/Sinhala_language,,,sbs-pages/20150418/sinhalese.html,http://www.sbs.com.au/yourlanguage/sinhalese?language=si,Sinhalese/Sinhalese_swadesh_list.html;swadesh/sin-eng.wiktionaryswadesh.masterlex.html,http://en.wiktionary.org/wiki/Appendix:Sinhalese_Swadesh_list,http://ifp-08.ifp.uiuc.edu/public/wikipedia/si/,http://si.wikipedia.org
Slovak,slk,sk,Slovak/Slovak_segments.html,http://phoible.org/languages/slk,Slovak/Slovak_wikipedia_symboltable.html,http://en.wikipedia.org/wiki/Slovak_language,,,sbs-pages/20150418/slovak.html,http://www.sbs.com.au/yourlanguage/slovak/,Slovak/Slovak_swadesh_list.html;swadesh/slk-eng.wiktionaryswadesh.masterlex.html,http://en.wiktionary.org/wiki/Appendix:Slovak_Swadesh_list,http://ifp-08.ifp.uiuc.edu/public/wikipedia/sk/,http://sk.wikipedia.org
Slovene,slv,sl,Slovenian/Slovenian_segments.html,http://phoible.org/languages/slv,Slovenian/Slovenian_wikipedia_symboltable.html,http://en.wikipedia.org/wiki/Slovene_language,,,sbs-pages/20150418/slovenian.html,http://www.sbs.com.au/yourlanguage/slovenian/,Slovenian/Slovenian_swadesh_list.html;swadesh/slv-eng.wiktionaryswadesh.masterlex.html,http://en.wiktionary.org/wiki/Appendix:Slovene_Swadesh_list,http://ifp-08.ifp.uiuc.edu/public/wikipedia/sl/,http://sl.wikipedia.org
Somali,som,so,Somali/Somali_segments.html,http://phoible.org/languages/som,Somali/Somali_wikipedia_symboltable.html,http://en.wikipedia.org/wiki/Somali_language,,,sbs-pages/20150418/somali.html,http://www.sbs.com.au/yourlanguage/somali/,Somali/Somali_swadesh_list.html;swadesh/som-eng.wiktionaryswadesh.masterlex.html,http://en.wiktionary.org/wiki/Appendix:Swadesh_lists_for_Afro-Asiatic_languages,http://ifp-08.ifp.uiuc.edu/public/wikipedia/so/,http://so.wikipedia.org
Sotho,sot,st,,,Sotho/Sotho_wikipedia_symboltable.html,https://en.wikipedia.org/wiki/Sotho_orthography,,,,,swadesh/sot-eng.wiktionaryswadesh.masterlex.html,,,http://st.wikipedia.org
Spanish,spa,es,Spanish/Spanish_segments.html,http://phoible.org/languages/spa,Spanish/Spanish_wikipedia_symboltable.html,http://en.wikipedia.org/wiki/Spanish_language,,,sbs-pages/20150418/spanish.html,http://www.sbs.com.au/yourlanguage/spanish/,Spanish/Spanish_swadesh_list.html;swadesh/spa-eng.wiktionaryswadesh.masterlex.html,http://en.wiktionary.org/wiki/Appendix:Spanish_Swadesh_list,http://ifp-08.ifp.uiuc.edu/public/wikipedia/es/,http://es.wikipedia.org
Sundanese,sun,su,Sundanese/Sundanese_segments.html,http://phoible.org/inventories/view/35,Sundanese/Sundanese_wikipedia_symboltable.html,https://en.wikipedia.org/wiki/Sundanese_alphabet,,,,,swadesh/sun-eng.wiktionaryswadesh.masterlex.html,,,http://su.wikipedia.org
Swahili,swh,sw,Swahili/Swahili_segments.html,http://phoible.org/languages/swh,Swahili/Swahili_wikipedia_symboltable.html,http://en.wikipedia.org/wiki/Swahili_language,,,sbs-pages/20150418/swahili.html,http://www.sbs.com.au/yourlanguage/swahili/,Swahili/Swahili_swadesh_list.html;swadesh/swa-eng.wiktionaryswadesh.masterlex.html,http://en.wiktionary.org/wiki/Appendix:Swahili_Swadesh_list,http://ifp-08.ifp.uiuc.edu/public/wikipedia/sw/,http://sw.wikipedia.org
Swedish,swe,sv,Swedish/Swedish_segments.html,http://phoible.org/languages/swe,Swedish/Swedish_wikipedia_symboltable.html,http://en.wikipedia.org/wiki/Swedish_language,,,sbs-pages/20150418/swedish.html,http://www.sbs.com.au/yourlanguage/swedish/,Swedish/Swedish_swadesh_list.html;swadesh/swe-eng.wiktionaryswadesh.masterlex.html,http://en.wiktionary.org/wiki/Appendix:Swedish_Swadesh_list,http://ifp-08.ifp.uiuc.edu/public/wikipedia/sv/,http://sv.wikipedia.org
Tagalog,tgl,tl,Tagalog/Tagalog_segments.html,http://phoible.org/languages/tgl,Tagalog/Tagalog_wikipedia_symboltable.html,https://en.wikipedia.org/wiki/Tagalog_language,,,sbs-pages/20150418/fijian.html,http://www.sbs.com.au/yourlanguage/fijian/,swadesh/tgl-eng.wiktionaryswadesh.masterlex.html,http://en.wiktionary.org/wiki/Appendix:Tagalog_Swadesh_list,http://ifp-08.ifp.uiuc.edu/public/wikipedia/fj/,http://tl.wikipedia.org
Tajik,tgk,tg,,,Tajik/Tajik_wikipedia_symboltable.html,https://en.wikipedia.org/wiki/Tajik_alphabet,,,,,,https://en.wiktionary.org/wiki/Appendix:Tajik_Swadesh_list,,http://tg.wikipedia.org
Tamil,tam,ta,Tamil/Tamil_segments.html,http://phoible.org/languages/tam,Tamil/Tamil_wikipedia_symboltable.html,http://en.wikipedia.org/wiki/Tamil_language,,,sbs-pages/20150418/tamil.html,http://www.sbs.com.au/yourlanguage/tamil?language=ta,Tamil/Tamil_swadesh_list.html;swadesh/tam-eng.wiktionaryswadesh.masterlex.html,http://en.wiktionary.org/wiki/Appendix:Swadesh_lists_for_Dravidian_languages,http://ifp-08.ifp.uiuc.edu/public/wikipedia/ta/,http://ta.wikipedia.org
Tatar,tat,tt,,,Tatar/Tatar_wikipedia_symboltable.html,https://en.wikipedia.org/wiki/Tatar_alphabet,,,,,Tatar/Tatar_swadesh_list.html;swadesh/tat-eng.wiktionaryswadesh.masterlex.html,https://en.wikipedia.org/wiki/Turkic_languages,,http://tt.wikipedia.org
Telugu,tel,te,Telugu/Telugu_segments.html,http://phoible.org/inventories/view/8,Telugu/Telugu_wikipedia_symboltable.html,https://en.wikipedia.org/wiki/Telugu_script,,,,,swadesh/tel-eng.wiktionaryswadesh.masterlex.html,,,http://te.wikipedia.org
Thai,tha,th,Thai/Thai_segments.html,http://phoible.org/languages/tha,Thai/Thai_wikipedia_symboltable.html,http://en.wikipedia.org/wiki/Thai_language,,,sbs-pages/20150418/thai.html,http://www.sbs.com.au/yourlanguage/thai/,Thai/Thai_swadesh_list.html;swadesh/tha-eng.wiktionaryswadesh.masterlex.html,http://en.wiktionary.org/wiki/Appendix:Thai_Swadesh_list,http://ifp-08.ifp.uiuc.edu/public/wikipedia/th/,http://th.wikipedia.org
Tibetan,bod,bo,Tibetan/Tibetan_segments.html,http://phoible.org/inventories/view/1067,Tibetan/Tibetan_wikipedia_symboltable.html,,,,,,swadesh/bod-eng.wiktionaryswadesh.masterlex.html,,,
Tigrinya,tir,ti,Tigrinya/Tigrinya_segments.html,http://phoible.org/languages/tir,Tigrinya/Tigrinya_wikipedia_symboltable.html,http://en.wikipedia.org/wiki/Tigrinya_language,,,sbs-pages/20150418/tigrinya.html,http://www.sbs.com.au/yourlanguage/tigrinya/,Tigrinya/Tigrinya_swadesh_list.html,http://en.wiktionary.org/wiki/Appendix:Swadesh_lists_for_Afro-Asiatic_languages,http://ifp-08.ifp.uiuc.edu/public/wikipedia/ti/,http://ti.wikipedia.org
Tongan,ton,to,Tongan/Tongan_segments.html,http://phoible.org/languages/ton,Tongan/Tongan_wikipedia_symboltable.html,http://en.wikipedia.org/wiki/Tongan_language,,,sbs-pages/20150418/tongan.html,http://www.sbs.com.au/yourlanguage/tongan/,,,http://ifp-08.ifp.uiuc.edu/public/wikipedia/to/,http://to.wikipedia.org
Turkish,tur,tr,Turkish/Turkish_segments.html,http://phoible.org/languages/tur,Turkish/Turkish_wikipedia_symboltable.html,http://en.wikipedia.org/wiki/Turkish_language,,,sbs-pages/20150418/turkish.html,http://www.sbs.com.au/yourlanguage/turkish/,Turkish/Turkish_swadesh_list.html;swadesh/tur-eng.wiktionaryswadesh.masterlex.html,http://en.wiktionary.org/wiki/Appendix:Turkish_Swadesh_list,http://ifp-08.ifp.uiuc.edu/public/wikipedia/tr/,http://tr.wikipedia.org
Turkmen,tuk,,Turkmen/Turkmen_segments.html,http://phoible.org/languages/tuk,Turkmen/Turkmen_Cyrillic_wikipedia_symboltable.html;Turkmen/Turkmen_Turkish_wikipedia_symboltable.html,http://en.wikipedia.org/wiki/Turkmen_language,,,,,Turkmen/Turkmen_swadesh_list.html;swadesh/tuk-eng.wiktionaryswadesh.masterlex.html,https://en.wikipedia.org/wiki/Turkic_languages,,
Ukrainian,ukr,uk,Ukrainian/Ukrainian_segments.html,http://phoible.org/languages/ukr,Ukrainian/Ukrainian_wikipedia_symboltable.html,http://en.wikipedia.org/wiki/Ukrainian_language,,,sbs-pages/20150418/ukrainian.html,http://www.sbs.com.au/yourlanguage/ukrainian/,Ukrainian/Ukrainian_swadesh_list.html;swadesh/ukr-eng.wiktionaryswadesh.masterlex.html,http://en.wiktionary.org/wiki/Appendix:Ukrainian_Swadesh_list,http://ifp-08.ifp.uiuc.edu/public/wikipedia/uk/,http://uk.wikipedia.org
Urdu,urd,ur,Urdu/Urdu_segments.html,http://phoible.org/languages/urd,Urdu/Urdu_wikipedia_symboltable.html,http://en.wikipedia.org/wiki/Urdu_language,,,sbs-pages/20150418/urdu.html,http://www.sbs.com.au/yourlanguage/urdu?language=ur,Urdu/Urdu_swadesh_list.html,http://en.wiktionary.org/wiki/Appendix:Indo-Iranian_Swadesh_lists_(extended),http://ifp-08.ifp.uiuc.edu/public/wikipedia/ur/,http://ur.wikipedia.org
Uyghur,uig,,Uyghur/Uyghur_segments.html,http://phoible.org/languages/uig,Uyghur/Uyghur_Arabic_wikipedia_symboltable.html;Uyghur/Uyghur_Cyrillic_wikipedia_symboltable.html;Uyghur/Uyghur_Latin_wikipedia_symboltable.html,http://en.wikipedia.org/wiki/Uyghur_language,,,,,Uyghur/Uyghur_swadesh_list.html;swadesh/uig-eng.wiktionaryswadesh.masterlex.html,https://en.wikipedia.org/wiki/Turkic_languages,,
Uzbek,uzb,,Uzbek/Uzbek_segments.html,http://phoible.org/languages/uzb,Uzbek/Uzbek_Cyrillic_wikipedia_symboltable.html;Uzbek/Uzbek_Latin_wikipedia_symboltable.html,http://en.wikipedia.org/wiki/Uzbek_language,,,,,Uzbek/Uzbek_swadesh_list.html;swadesh/uzb-eng.wiktionaryswadesh.masterlex.html,https://en.wikipedia.org/wiki/Turkic_languages,,
Vietnamese,vie,vi,Vietnamese/Vietnamese_segments.html,http://phoible.org/languages/vie,Vietnamese/Vietnamese_wikipedia_symboltable.html,http://en.wikipedia.org/wiki/Vietnamese_language,,,sbs-pages/20150418/vietnamese.html,http://www.sbs.com.au/yourlanguage/vietnamese?language=vi,Vietnamese/Vietnamese_swadesh_list.html;swadesh/vie-eng.wiktionaryswadesh.masterlex.html,http://en.wiktionary.org/wiki/Appendix:Vietnamese_Swadesh_list,http://ifp-08.ifp.uiuc.edu/public/wikipedia/vi/,http://vi.wikipedia.org
Wolof,wol,wo,Wolof/Wolof_segments.html,http://phoible.org/languages/wol,Wolof/Wolof_wikipedia_symboltable.html,http://en.wikipedia.org/wiki/Wolof_language,,,,,swadesh/wol-eng.wiktionaryswadesh.masterlex.html,https://en.wiktionary.org/wiki/Appendix:Niger-Congo_Swadesh_lists,,http://wo.wikipedia.org
Wu,wuu,,Wu/Wu_segments.html,http://phoible.org/inventories/view/17,,,Wu/Wu_Chinese_pronunciations.html,https://en.wikipedia.org/wiki/Wu_Chinese,,,,,,
Yoruba,yor,,Yoruba/Yoruba_segments.html,http://phoible.org/languages/yor,Yoruba/Yoruba_wikipedia_symboltable.html,http://en.wikipedia.org/wiki/Yoruba_language,,,,,swadesh/yor-eng.wiktionaryswadesh.masterlex.html,https://en.wiktionary.org/wiki/Appendix:Niger-Congo_Swadesh_lists,,http://yo.wikipedia.org
Xhosa,xho,xh,Xhosa/Xhosa_segments.html,http://phoible.org/inventories/view/1319,Xhosa/Xhosa_wikipedia_symboltable.html,https://en.wikipedia.org/wiki/Xhosa_language,,,,,swadesh/xho-eng.wiktionaryswadesh.masterlex.html,https://en.wiktionary.org/wiki/Appendix:Bantu_Swadesh_lists,,http://xh.wikipedia.org
Zulu,zul,zu,Zulu/Zulu_segments.html,http://phoible.org/languages/zul,Zulu/Zulu_wikipedia_symboltable.html,http://en.wikipedia.org/wiki/Zulu_language,,,,,swadesh/zul-eng.wiktionaryswadesh.masterlex.html,https://en.wiktionary.org/wiki/Appendix:Zulu_Swadesh_list,,http://zu.wikipedia.org